Datetime,Survival Rate (%),Disease Occurrence (Cases),Temperature (°C),Dissolved Oxygen (mg/L),pH,Turbidity (NTU),Precipitation (inches),Average Fish Weight (g)
2024-04-30 00:00:00,92.93,1.0,26.6,6.68,7.89,3.19,5.96,262.05
2024-04-30 01:00:00,92.93,1.0,26.6,6.68,7.89,3.19,5.96,262.05
2024-04-30 02:00:00,92.93,1.0,26.6,6.68,7.89,3.19,5.96,262.05
2024-04-30 03:00:00,92.93,1.0,26.6,6.68,7.89,3.19,5.96,262.05
2024-04-30 04:00:00,92.93,1.0,26.6,6.68,7.89,3.19,5.96,262.05
2024-04-30 05:00:00,92.93,1.0,26.6,6.68,7.89,3.19,5.96,262.05
2024-04-30 06:00:00,92.93,1.0,26.6,6.68,7.89,3.19,5.96,262.05
2024-04-30 07:00:00,92.93,1.0,26.6,6.68,7.89,3.19,5.96,262.05
2024-04-30 08:00:00,92.93,1.0,26.6,6.68,7.89,3.19,5.96,262.05
2024-04-30 09:00:00,92.93,1.0,26.6,6.68,7.89,3.19,5.96,262.05
2024-04-30 10:00:00,92.93,1.0,26.6,6.68,7.89,3.19,5.96,262.05
2024-04-30 11:00:00,92.93,1.0,26.6,6.68,7.89,3.19,5.96,262.05
2024-04-30 12:00:00,92.93,1.0,26.6,6.68,7.89,3.19,5.96,262.05
2024-04-30 13:00:00,92.93,1.0,26.6,6.68,7.89,3.19,5.96,262.05
2024-04-30 14:00:00,92.93,1.0,26.6,6.68,7.89,3.19,5.96,262.05
2024-04-30 15:00:00,92.93,1.0,26.6,6.68,7.89,3.19,5.96,262.05
2024-04-30 16:00:00,92.93,1.0,26.6,6.68,7.89,3.19,5.96,262.05
2024-04-30 17:00:00,92.93,1.0,26.6,6.68,7.89,3.19,5.96,262.05
2024-04-30 18:00:00,92.93,1.0,26.6,6.68,7.89,3.19,5.96,262.05
2024-04-30 19:00:00,92.93,1.0,26.6,6.68,7.89,3.19,5.96,262.05
2024-04-30 20:00:00,92.93,1.0,26.6,6.68,7.89,3.19,5.96,262.05
2024-04-30 21:00:00,92.93,1.0,26.6,6.68,7.89,3.19,5.96,262.05
2024-04-30 22:00:00,92.93,1.0,26.6,6.68,7.89,3.19,5.96,262.05
2024-04-30 23:00:00,92.93,1.0,26.6,6.68,7.89,3.19,5.96,262.05
2024-05-01 00:00:00,92.93,1.0,26.6,6.68,7.89,3.19,5.96,262.05
2024-05-01 01:00:00,92.93,1.0,26.6,6.68,7.89,3.19,5.96,262.05
2024-05-01 02:00:00,92.93,1.0,26.6,6.68,7.89,3.19,5.96,262.05
2024-05-01 03:00:00,92.93,1.0,26.6,6.68,7.89,3.19,5.96,262.05
2024-05-01 04:00:00,92.93,1.0,26.6,6.68,7.89,3.19,5.96,262.05
2024-05-01 05:00:00,92.93,1.0,26.6,6.68,7.89,3.19,5.96,262.05
2024-05-01 06:00:00,92.93,1.0,26.6,6.68,7.89,3.19,5.96,262.05
2024-05-01 07:00:00,92.93,1.0,26.6,6.68,7.89,3.19,5.96,262.05
2024-05-01 08:00:00,92.93,1.0,26.6,6.68,7.89,3.19,5.96,262.05
2024-05-01 09:00:00,92.93,1.0,26.6,6.68,7.89,3.19,5.96,262.05
2024-05-01 10:00:00,92.93,1.0,26.6,6.68,7.89,3.19,5.96,262.05
2024-05-01 11:00:00,92.93,1.0,26.6,6.68,7.89,3.19,5.96,262.05
2024-05-01 12:00:00,92.93,1.0,26.6,6.68,7.89,3.19,5.96,262.05
2024-05-01 13:00:00,92.93,1.0,26.6,6.68,7.89,3.19,5.96,262.05
2024-05-01 14:00:00,92.93,1.0,26.6,6.68,7.89,3.19,5.96,262.05
2024-05-01 15:00:00,92.93,1.0,26.6,6.68,7.89,3.19,5.96,262.05
2024-05-01 16:00:00,92.93,1.0,26.6,6.68,7.89,3.19,5.96,262.05
2024-05-01 17:00:00,92.93,1.0,26.6,6.68,7.89,3.19,5.96,262.05
2024-05-01 18:00:00,92.93,1.0,26.6,6.68,7.89,3.19,5.96,262.05
2024-05-01 19:00:00,92.93,1.0,26.6,6.68,7.89,3.19,5.96,262.05
2024-05-01 20:00:00,92.93,1.0,26.6,6.68,7.89,3.19,5.96,262.05
2024-05-01 21:00:00,92.93,1.0,26.6,6.68,7.89,3.19,5.96,262.05
2024-05-01 22:00:00,92.93,1.0,26.6,6.68,7.89,3.19,5.96,262.05
2024-05-01 23:00:00,92.93,1.0,26.6,6.68,7.89,3.19,5.96,262.05
2024-05-02 00:00:00,92.93,1.0,26.6,6.68,7.89,3.19,5.96,262.05
2024-05-02 01:00:00,92.93,1.0,26.6,6.68,7.89,3.19,5.96,262.05
2024-05-02 02:00:00,92.93,1.0,26.6,6.68,7.89,3.19,5.96,262.05
2024-05-02 03:00:00,92.93,1.0,26.6,6.68,7.89,3.19,5.96,262.05
2024-05-02 04:00:00,92.93,1.0,26.6,6.68,7.89,3.19,5.96,262.05
2024-05-02 05:00:00,92.93,1.0,26.6,6.68,7.89,3.19,5.96,262.05
2024-05-02 06:00:00,92.93,1.0,26.6,6.68,7.89,3.19,5.96,262.05
2024-05-02 07:00:00,92.93,1.0,26.6,6.68,7.89,3.19,5.96,262.05
2024-05-02 08:00:00,92.93,1.0,26.6,6.68,7.89,3.19,5.96,262.05
2024-05-02 09:00:00,92.93,1.0,26.6,6.68,7.89,3.19,5.96,262.05
2024-05-02 10:00:00,92.93,1.0,26.6,6.68,7.89,3.19,5.96,262.05
2024-05-02 11:00:00,92.93,1.0,26.6,6.68,7.89,3.19,5.96,262.05
2024-05-02 12:00:00,92.93,1.0,26.6,6.68,7.89,3.19,5.96,262.05
2024-05-02 13:00:00,92.93,1.0,26.6,6.68,7.89,3.19,5.96,262.05
2024-05-02 14:00:00,92.93,1.0,26.6,6.68,7.89,3.19,5.96,262.05
2024-05-02 15:00:00,92.93,1.0,26.6,6.68,7.89,3.19,5.96,262.05
2024-05-02 16:00:00,92.93,1.0,26.6,6.68,7.89,3.19,5.96,262.05
2024-05-02 17:00:00,92.93,1.0,26.6,6.68,7.89,3.19,5.96,262.05
2024-05-02 18:00:00,92.93,1.0,26.6,6.68,7.89,3.19,5.96,262.05
2024-05-02 19:00:00,92.93,1.0,26.6,6.68,7.89,3.19,5.96,262.05
2024-05-02 20:00:00,92.93,1.0,26.6,6.68,7.89,3.19,5.96,262.05
2024-05-02 21:00:00,92.93,1.0,26.6,6.68,7.89,3.19,5.96,262.05
2024-05-02 22:00:00,92.93,1.0,26.6,6.68,7.89,3.19,5.96,262.05
2024-05-02 23:00:00,92.93,1.0,26.6,6.68,7.89,3.19,5.96,262.05
2024-05-03 00:00:00,92.93,1.0,26.6,6.68,7.89,3.19,5.96,262.05
2024-05-03 01:00:00,92.93,1.0,26.6,6.68,7.89,3.19,5.96,262.05
2024-05-03 02:00:00,92.93,1.0,26.6,6.68,7.89,3.19,5.96,262.05
2024-05-03 03:00:00,92.93,1.0,26.6,6.68,7.89,3.19,5.96,262.05
2024-05-03 04:00:00,92.93,1.0,26.6,6.68,7.89,3.19,5.96,262.05
2024-05-03 05:00:00,92.93,1.0,26.6,6.68,7.89,3.19,5.96,262.05
2024-05-03 06:00:00,92.93,1.0,26.6,6.68,7.89,3.19,5.96,262.05
2024-05-03 07:00:00,92.93,1.0,26.6,6.68,7.89,3.19,5.96,262.05
2024-05-03 08:00:00,92.93,1.0,26.6,6.68,7.89,3.19,5.96,262.05
2024-05-03 09:00:00,92.93,1.0,26.6,6.68,7.89,3.19,5.96,262.05
2024-05-03 10:00:00,92.93,1.0,26.6,6.68,7.89,3.19,5.96,262.05
2024-05-03 11:00:00,92.93,1.0,26.6,6.68,7.89,3.19,5.96,262.05
2024-05-03 12:00:00,92.93,1.0,26.6,6.68,7.89,3.19,5.96,262.05
2024-05-03 13:00:00,92.93,1.0,26.6,6.68,7.89,3.19,5.96,262.05
2024-05-03 14:00:00,92.93,1.0,26.6,6.68,7.89,3.19,5.96,262.05
2024-05-03 15:00:00,92.93,1.0,26.6,6.68,7.89,3.19,5.96,262.05
2024-05-03 16:00:00,92.93,1.0,26.6,6.68,7.89,3.19,5.96,262.05
2024-05-03 17:00:00,92.93,1.0,26.6,6.68,7.89,3.19,5.96,262.05
2024-05-03 18:00:00,92.93,1.0,26.6,6.68,7.89,3.19,5.96,262.05
2024-05-03 19:00:00,92.93,1.0,26.6,6.68,7.89,3.19,5.96,262.05
2024-05-03 20:00:00,92.93,1.0,26.6,6.68,7.89,3.19,5.96,262.05
2024-05-03 21:00:00,92.93,1.0,26.6,6.68,7.89,3.19,5.96,262.05
2024-05-03 22:00:00,92.93,1.0,26.6,6.68,7.89,3.19,5.96,262.05
2024-05-03 23:00:00,92.93,1.0,26.6,6.68,7.89,3.19,5.96,262.05
2024-05-04 00:00:00,92.93,1.0,26.6,6.68,7.89,3.19,5.96,262.05
2024-05-04 01:00:00,92.93,1.0,26.6,6.68,7.89,3.19,5.96,262.05
2024-05-04 02:00:00,92.93,1.0,26.6,6.68,7.89,3.19,5.96,262.05
2024-05-04 03:00:00,92.93,1.0,26.6,6.68,7.89,3.19,5.96,262.05
2024-05-04 04:00:00,92.93,1.0,26.6,6.68,7.89,3.19,5.96,262.05
2024-05-04 05:00:00,92.93,1.0,26.6,6.68,7.89,3.19,5.96,262.05
2024-05-04 06:00:00,92.93,1.0,26.6,6.68,7.89,3.19,5.96,262.05
2024-05-04 07:00:00,92.93,1.0,26.6,6.68,7.89,3.19,5.96,262.05
2024-05-04 08:00:00,92.93,1.0,26.6,6.68,7.89,3.19,5.96,262.05
2024-05-04 09:00:00,92.93,1.0,26.6,6.68,7.89,3.19,5.96,262.05
2024-05-04 10:00:00,92.93,1.0,26.6,6.68,7.89,3.19,5.96,262.05
2024-05-04 11:00:00,92.93,1.0,26.6,6.68,7.89,3.19,5.96,262.05
2024-05-04 12:00:00,92.93,1.0,26.6,6.68,7.89,3.19,5.96,262.05
2024-05-04 13:00:00,92.93,1.0,26.6,6.68,7.89,3.19,5.96,262.05
2024-05-04 14:00:00,92.93,1.0,26.6,6.68,7.89,3.19,5.96,262.05
2024-05-04 15:00:00,92.93,1.0,26.6,6.68,7.89,3.19,5.96,262.05
2024-05-04 16:00:00,92.93,1.0,26.6,6.68,7.89,3.19,5.96,262.05
2024-05-04 17:00:00,92.93,1.0,26.6,6.68,7.89,3.19,5.96,262.05
2024-05-04 18:00:00,92.93,1.0,26.6,6.68,7.89,3.19,5.96,262.05
2024-05-04 19:00:00,92.93,1.0,26.6,6.68,7.89,3.19,5.96,262.05
2024-05-04 20:00:00,92.93,1.0,26.6,6.68,7.89,3.19,5.96,262.05
2024-05-04 21:00:00,92.93,1.0,26.6,6.68,7.89,3.19,5.96,262.05
2024-05-04 22:00:00,92.93,1.0,26.6,6.68,7.89,3.19,5.96,262.05
2024-05-04 23:00:00,92.93,1.0,26.6,6.68,7.89,3.19,5.96,262.05
2024-05-05 00:00:00,92.93,1.0,26.6,6.68,7.89,3.19,5.96,262.05
2024-05-05 01:00:00,92.93,1.0,26.6,6.68,7.89,3.19,5.96,262.05
2024-05-05 02:00:00,92.93,1.0,26.6,6.68,7.89,3.19,5.96,262.05
2024-05-05 03:00:00,92.93,1.0,26.6,6.68,7.89,3.19,5.96,262.05
2024-05-05 04:00:00,92.93,1.0,26.6,6.68,7.89,3.19,5.96,262.05
2024-05-05 05:00:00,92.93,1.0,26.6,6.68,7.89,3.19,5.96,262.05
2024-05-05 06:00:00,92.93,1.0,26.6,6.68,7.89,3.19,5.96,262.05
2024-05-05 07:00:00,92.93,1.0,26.6,6.68,7.89,3.19,5.96,262.05
2024-05-05 08:00:00,92.93,1.0,26.6,6.68,7.89,3.19,5.96,262.05
2024-05-05 09:00:00,92.93,1.0,26.6,6.68,7.89,3.19,5.96,262.05
2024-05-05 10:00:00,92.93,1.0,26.6,6.68,7.89,3.19,5.96,262.05
2024-05-05 11:00:00,92.93,1.0,26.6,6.68,7.89,3.19,5.96,262.05
2024-05-05 12:00:00,92.93,1.0,26.6,6.68,7.89,3.19,5.96,262.05
2024-05-05 13:00:00,92.93,1.0,26.6,6.68,7.89,3.19,5.96,262.05
2024-05-05 14:00:00,92.93,1.0,26.6,6.68,7.89,3.19,5.96,262.05
2024-05-05 15:00:00,92.93,1.0,26.6,6.68,7.89,3.19,5.96,262.05
2024-05-05 16:00:00,92.93,1.0,26.6,6.68,7.89,3.19,5.96,262.05
2024-05-05 17:00:00,92.93,1.0,26.6,6.68,7.89,3.19,5.96,262.05
2024-05-05 18:00:00,92.93,1.0,26.6,6.68,7.89,3.19,5.96,262.05
2024-05-05 19:00:00,92.93,1.0,26.6,6.68,7.89,3.19,5.96,262.05
2024-05-05 20:00:00,92.93,1.0,26.6,6.68,7.89,3.19,5.96,262.05
2024-05-05 21:00:00,92.93,1.0,26.6,6.68,7.89,3.19,5.96,262.05
2024-05-05 22:00:00,92.93,1.0,26.6,6.68,7.89,3.19,5.96,262.05
2024-05-05 23:00:00,92.93,1.0,26.6,6.68,7.89,3.19,5.96,262.05
2024-05-06 00:00:00,92.93,1.0,26.6,6.68,7.89,3.19,5.96,262.05
2024-05-06 01:00:00,92.93,1.0,26.6,6.68,7.89,3.19,5.96,262.05
2024-05-06 02:00:00,92.93,1.0,26.6,6.68,7.89,3.19,5.96,262.05
2024-05-06 03:00:00,92.93,1.0,26.6,6.68,7.89,3.19,5.96,262.05
2024-05-06 04:00:00,92.93,1.0,26.6,6.68,7.89,3.19,5.96,262.05
2024-05-06 05:00:00,92.93,1.0,26.6,6.68,7.89,3.19,5.96,262.05
2024-05-06 06:00:00,92.93,1.0,26.6,6.68,7.89,3.19,5.96,262.05
2024-05-06 07:00:00,92.93,1.0,26.6,6.68,7.89,3.19,5.96,262.05
2024-05-06 08:00:00,92.93,1.0,26.6,6.68,7.89,3.19,5.96,262.05
2024-05-06 09:00:00,92.93,1.0,26.6,6.68,7.89,3.19,5.96,262.05
2024-05-06 10:00:00,92.93,1.0,26.6,6.68,7.89,3.19,5.96,262.05
2024-05-06 11:00:00,92.93,1.0,26.6,6.68,7.89,3.19,5.96,262.05
2024-05-06 12:00:00,92.93,1.0,26.6,6.68,7.89,3.19,5.96,262.05
2024-05-06 13:00:00,92.93,1.0,26.6,6.68,7.89,3.19,5.96,262.05
2024-05-06 14:00:00,92.93,1.0,26.6,6.68,7.89,3.19,5.96,262.05
2024-05-06 15:00:00,92.93,1.0,26.6,6.68,7.89,3.19,5.96,262.05
2024-05-06 16:00:00,92.93,1.0,26.6,6.68,7.89,3.19,5.96,262.05
2024-05-06 17:00:00,92.93,1.0,26.6,6.68,7.89,3.19,5.96,262.05
2024-05-06 18:00:00,92.93,1.0,26.6,6.68,7.89,3.19,5.96,262.05
2024-05-06 19:00:00,92.93,1.0,26.6,6.68,7.89,3.19,5.96,262.05
2024-05-06 20:00:00,92.93,1.0,26.6,6.68,7.89,3.19,5.96,262.05
2024-05-06 21:00:00,92.93,1.0,26.6,6.68,7.89,3.19,5.96,262.05
2024-05-06 22:00:00,92.93,1.0,26.6,6.68,7.89,3.19,5.96,262.05
2024-05-06 23:00:00,92.93,1.0,26.6,6.68,7.89,3.19,5.96,262.05
2024-05-07 00:00:00,92.93,1.0,26.6,6.68,7.89,3.19,5.96,262.05
2024-05-07 01:00:00,92.93,1.0,26.6,6.68,7.89,3.19,5.96,262.05
2024-05-07 02:00:00,92.93,1.0,26.6,6.68,7.89,3.19,5.96,262.05
2024-05-07 03:00:00,92.93,1.0,26.6,6.68,7.89,3.19,5.96,262.05
2024-05-07 04:00:00,92.93,1.0,26.6,6.68,7.89,3.19,5.96,262.05
2024-05-07 05:00:00,92.93,1.0,26.6,6.68,7.89,3.19,5.96,262.05
2024-05-07 06:00:00,92.93,1.0,26.6,6.68,7.89,3.19,5.96,262.05
2024-05-07 07:00:00,92.93,1.0,26.6,6.68,7.89,3.19,5.96,262.05
2024-05-07 08:00:00,92.93,1.0,26.6,6.68,7.89,3.19,5.96,262.05
2024-05-07 09:00:00,92.93,1.0,26.6,6.68,7.89,3.19,5.96,262.05
2024-05-07 10:00:00,92.93,1.0,26.6,6.68,7.89,3.19,5.96,262.05
2024-05-07 11:00:00,92.93,1.0,26.6,6.68,7.89,3.19,5.96,262.05
2024-05-07 12:00:00,92.93,1.0,26.6,6.68,7.89,3.19,5.96,262.05
2024-05-07 13:00:00,92.93,1.0,26.6,6.68,7.89,3.19,5.96,262.05
2024-05-07 14:00:00,92.93,1.0,26.6,6.68,7.89,3.19,5.96,262.05
2024-05-07 15:00:00,92.93,1.0,26.6,6.68,7.89,3.19,5.96,262.05
2024-05-07 16:00:00,92.93,1.0,26.6,6.68,7.89,3.19,5.96,262.05
2024-05-07 17:00:00,92.93,1.0,26.6,6.68,7.89,3.19,5.96,262.05
2024-05-07 18:00:00,92.93,1.0,26.6,6.68,7.89,3.19,5.96,262.05
2024-05-07 19:00:00,92.93,1.0,26.6,6.68,7.89,3.19,5.96,262.05
2024-05-07 20:00:00,92.93,1.0,26.6,6.68,7.89,3.19,5.96,262.05
2024-05-07 21:00:00,92.93,1.0,26.6,6.68,7.89,3.19,5.96,262.05
2024-05-07 22:00:00,92.93,1.0,26.6,6.68,7.89,3.19,5.96,262.05
2024-05-07 23:00:00,92.93,1.0,26.6,6.68,7.89,3.19,5.96,262.05
2024-05-08 00:00:00,92.93,1.0,26.6,6.68,7.89,3.19,5.96,262.05
2024-05-08 01:00:00,92.93,1.0,26.6,6.68,7.89,3.19,5.96,262.05
2024-05-08 02:00:00,92.93,1.0,26.6,6.68,7.89,3.19,5.96,262.05
2024-05-08 03:00:00,92.93,1.0,26.6,6.68,7.89,3.19,5.96,262.05
2024-05-08 04:00:00,92.93,1.0,26.6,6.68,7.89,3.19,5.96,262.05
2024-05-08 05:00:00,92.93,1.0,26.6,6.68,7.89,3.19,5.96,262.05
2024-05-08 06:00:00,92.93,1.0,26.6,6.68,7.89,3.19,5.96,262.05
2024-05-08 07:00:00,92.93,1.0,26.6,6.68,7.89,3.19,5.96,262.05
2024-05-08 08:00:00,92.93,1.0,26.6,6.68,7.89,3.19,5.96,262.05
2024-05-08 09:00:00,92.93,1.0,26.6,6.68,7.89,3.19,5.96,262.05
2024-05-08 10:00:00,92.93,1.0,26.6,6.68,7.89,3.19,5.96,262.05
2024-05-08 11:00:00,92.93,1.0,26.6,6.68,7.89,3.19,5.96,262.05
2024-05-08 12:00:00,92.93,1.0,26.6,6.68,7.89,3.19,5.96,262.05
2024-05-08 13:00:00,92.93,1.0,26.6,6.68,7.89,3.19,5.96,262.05
2024-05-08 14:00:00,92.93,1.0,26.6,6.68,7.89,3.19,5.96,262.05
2024-05-08 15:00:00,92.93,1.0,26.6,6.68,7.89,3.19,5.96,262.05
2024-05-08 16:00:00,92.93,1.0,26.6,6.68,7.89,3.19,5.96,262.05
2024-05-08 17:00:00,92.93,1.0,26.6,6.68,7.89,3.19,5.96,262.05
2024-05-08 18:00:00,92.93,1.0,26.6,6.68,7.89,3.19,5.96,262.05
2024-05-08 19:00:00,92.93,1.0,26.6,6.68,7.89,3.19,5.96,262.05
2024-05-08 20:00:00,92.93,1.0,26.6,6.68,7.89,3.19,5.96,262.05
2024-05-08 21:00:00,92.93,1.0,26.6,6.68,7.89,3.19,5.96,262.05
2024-05-08 22:00:00,92.93,1.0,26.6,6.68,7.89,3.19,5.96,262.05
2024-05-08 23:00:00,92.93,1.0,26.6,6.68,7.89,3.19,5.96,262.05
2024-05-09 00:00:00,92.93,1.0,26.6,6.68,7.89,3.19,5.96,262.05
2024-05-09 01:00:00,92.93,1.0,26.6,6.68,7.89,3.19,5.96,262.05
2024-05-09 02:00:00,92.93,1.0,26.6,6.68,7.89,3.19,5.96,262.05
2024-05-09 03:00:00,92.93,1.0,26.6,6.68,7.89,3.19,5.96,262.05
2024-05-09 04:00:00,92.93,1.0,26.6,6.68,7.89,3.19,5.96,262.05
2024-05-09 05:00:00,92.93,1.0,26.6,6.68,7.89,3.19,5.96,262.05
2024-05-09 06:00:00,92.93,1.0,26.6,6.68,7.89,3.19,5.96,262.05
2024-05-09 07:00:00,92.93,1.0,26.6,6.68,7.89,3.19,5.96,262.05
2024-05-09 08:00:00,92.93,1.0,26.6,6.68,7.89,3.19,5.96,262.05
2024-05-09 09:00:00,92.93,1.0,26.6,6.68,7.89,3.19,5.96,262.05
2024-05-09 10:00:00,92.93,1.0,26.6,6.68,7.89,3.19,5.96,262.05
2024-05-09 11:00:00,92.93,1.0,26.6,6.68,7.89,3.19,5.96,262.05
2024-05-09 12:00:00,92.93,1.0,26.6,6.68,7.89,3.19,5.96,262.05
2024-05-09 13:00:00,92.93,1.0,26.6,6.68,7.89,3.19,5.96,262.05
2024-05-09 14:00:00,92.93,1.0,26.6,6.68,7.89,3.19,5.96,262.05
2024-05-09 15:00:00,92.93,1.0,26.6,6.68,7.89,3.19,5.96,262.05
2024-05-09 16:00:00,92.93,1.0,26.6,6.68,7.89,3.19,5.96,262.05
2024-05-09 17:00:00,92.93,1.0,26.6,6.68,7.89,3.19,5.96,262.05
2024-05-09 18:00:00,92.93,1.0,26.6,6.68,7.89,3.19,5.96,262.05
2024-05-09 19:00:00,92.93,1.0,26.6,6.68,7.89,3.19,5.96,262.05
2024-05-09 20:00:00,92.93,1.0,26.6,6.68,7.89,3.19,5.96,262.05
2024-05-09 21:00:00,92.93,1.0,26.6,6.68,7.89,3.19,5.96,262.05
2024-05-09 22:00:00,92.93,1.0,26.6,6.68,7.89,3.19,5.96,262.05
2024-05-09 23:00:00,92.93,1.0,26.6,6.68,7.89,3.19,5.96,262.05
2024-05-10 00:00:00,92.93,1.0,26.6,6.68,7.89,3.19,5.96,262.05
2024-05-10 01:00:00,92.93,1.0,26.6,6.68,7.89,3.19,5.96,262.05
2024-05-10 02:00:00,92.93,1.0,26.6,6.68,7.89,3.19,5.96,262.05
2024-05-10 03:00:00,92.93,1.0,26.6,6.68,7.89,3.19,5.96,262.05
2024-05-10 04:00:00,92.93,1.0,26.6,6.68,7.89,3.19,5.96,262.05
2024-05-10 05:00:00,92.93,1.0,26.6,6.68,7.89,3.19,5.96,262.05
2024-05-10 06:00:00,92.93,1.0,26.6,6.68,7.89,3.19,5.96,262.05
2024-05-10 07:00:00,92.93,1.0,26.6,6.68,7.89,3.19,5.96,262.05
2024-05-10 08:00:00,92.93,1.0,26.6,6.68,7.89,3.19,5.96,262.05
2024-05-10 09:00:00,92.93,1.0,26.6,6.68,7.89,3.19,5.96,262.05
2024-05-10 10:00:00,92.93,1.0,26.6,6.68,7.89,3.19,5.96,262.05
2024-05-10 11:00:00,92.93,1.0,26.6,6.68,7.89,3.19,5.96,262.05
2024-05-10 12:00:00,92.93,1.0,26.6,6.68,7.89,3.19,5.96,262.05
2024-05-10 13:00:00,92.93,1.0,26.6,6.68,7.89,3.19,5.96,262.05
2024-05-10 14:00:00,92.93,1.0,26.6,6.68,7.89,3.19,5.96,262.05
2024-05-10 15:00:00,92.93,1.0,26.6,6.68,7.89,3.19,5.96,262.05
2024-05-10 16:00:00,92.93,1.0,26.6,6.68,7.89,3.19,5.96,262.05
2024-05-10 17:00:00,92.93,1.0,26.6,6.68,7.89,3.19,5.96,262.05
2024-05-10 18:00:00,92.93,1.0,26.6,6.68,7.89,3.19,5.96,262.05
2024-05-10 19:00:00,92.93,1.0,26.6,6.68,7.89,3.19,5.96,262.05
2024-05-10 20:00:00,92.93,1.0,26.6,6.68,7.89,3.19,5.96,262.05
2024-05-10 21:00:00,92.93,1.0,26.6,6.68,7.89,3.19,5.96,262.05
2024-05-10 22:00:00,92.93,1.0,26.6,6.68,7.89,3.19,5.96,262.05
2024-05-10 23:00:00,92.93,1.0,26.6,6.68,7.89,3.19,5.96,262.05
2024-05-11 00:00:00,92.93,1.0,26.6,6.68,7.89,3.19,5.96,262.05
2024-05-11 01:00:00,92.93,1.0,26.6,6.68,7.89,3.19,5.96,262.05
2024-05-11 02:00:00,92.93,1.0,26.6,6.68,7.89,3.19,5.96,262.05
2024-05-11 03:00:00,92.93,1.0,26.6,6.68,7.89,3.19,5.96,262.05
2024-05-11 04:00:00,92.93,1.0,26.6,6.68,7.89,3.19,5.96,262.05
2024-05-11 05:00:00,92.93,1.0,26.6,6.68,7.89,3.19,5.96,262.05
2024-05-11 06:00:00,92.93,1.0,26.6,6.68,7.89,3.19,5.96,262.05
2024-05-11 07:00:00,92.93,1.0,26.6,6.68,7.89,3.19,5.96,262.05
2024-05-11 08:00:00,92.93,1.0,26.6,6.68,7.89,3.19,5.96,262.05
2024-05-11 09:00:00,92.93,1.0,26.6,6.68,7.89,3.19,5.96,262.05
2024-05-11 10:00:00,92.93,1.0,26.6,6.68,7.89,3.19,5.96,262.05
2024-05-11 11:00:00,92.93,1.0,26.6,6.68,7.89,3.19,5.96,262.05
2024-05-11 12:00:00,92.93,1.0,26.6,6.68,7.89,3.19,5.96,262.05
2024-05-11 13:00:00,92.93,1.0,26.6,6.68,7.89,3.19,5.96,262.05
2024-05-11 14:00:00,92.93,1.0,26.6,6.68,7.89,3.19,5.96,262.05
2024-05-11 15:00:00,92.93,1.0,26.6,6.68,7.89,3.19,5.96,262.05
2024-05-11 16:00:00,92.93,1.0,26.6,6.68,7.89,3.19,5.96,262.05
2024-05-11 17:00:00,92.93,1.0,26.6,6.68,7.89,3.19,5.96,262.05
2024-05-11 18:00:00,92.93,1.0,26.6,6.68,7.89,3.19,5.96,262.05
2024-05-11 19:00:00,92.93,1.0,26.6,6.68,7.89,3.19,5.96,262.05
2024-05-11 20:00:00,92.93,1.0,26.6,6.68,7.89,3.19,5.96,262.05
2024-05-11 21:00:00,92.93,1.0,26.6,6.68,7.89,3.19,5.96,262.05
2024-05-11 22:00:00,92.93,1.0,26.6,6.68,7.89,3.19,5.96,262.05
2024-05-11 23:00:00,92.93,1.0,26.6,6.68,7.89,3.19,5.96,262.05
2024-05-12 00:00:00,92.93,1.0,26.6,6.68,7.89,3.19,5.96,262.05
2024-05-12 01:00:00,92.93,1.0,26.6,6.68,7.89,3.19,5.96,262.05
2024-05-12 02:00:00,92.93,1.0,26.6,6.68,7.89,3.19,5.96,262.05
2024-05-12 03:00:00,92.93,1.0,26.6,6.68,7.89,3.19,5.96,262.05
2024-05-12 04:00:00,92.93,1.0,26.6,6.68,7.89,3.19,5.96,262.05
2024-05-12 05:00:00,92.93,1.0,26.6,6.68,7.89,3.19,5.96,262.05
2024-05-12 06:00:00,92.93,1.0,26.6,6.68,7.89,3.19,5.96,262.05
2024-05-12 07:00:00,92.93,1.0,26.6,6.68,7.89,3.19,5.96,262.05
2024-05-12 08:00:00,92.93,1.0,26.6,6.68,7.89,3.19,5.96,262.05
2024-05-12 09:00:00,92.93,1.0,26.6,6.68,7.89,3.19,5.96,262.05
2024-05-12 10:00:00,92.93,1.0,26.6,6.68,7.89,3.19,5.96,262.05
2024-05-12 11:00:00,92.93,1.0,26.6,6.68,7.89,3.19,5.96,262.05
2024-05-12 12:00:00,92.93,1.0,26.6,6.68,7.89,3.19,5.96,262.05
2024-05-12 13:00:00,92.93,1.0,26.6,6.68,7.89,3.19,5.96,262.05
2024-05-12 14:00:00,92.93,1.0,26.6,6.68,7.89,3.19,5.96,262.05
2024-05-12 15:00:00,92.93,1.0,26.6,6.68,7.89,3.19,5.96,262.05
2024-05-12 16:00:00,92.93,1.0,26.6,6.68,7.89,3.19,5.96,262.05
2024-05-12 17:00:00,92.93,1.0,26.6,6.68,7.89,3.19,5.96,262.05
2024-05-12 18:00:00,92.93,1.0,26.6,6.68,7.89,3.19,5.96,262.05
2024-05-12 19:00:00,92.93,1.0,26.6,6.68,7.89,3.19,5.96,262.05
2024-05-12 20:00:00,92.93,1.0,26.6,6.68,7.89,3.19,5.96,262.05
2024-05-12 21:00:00,92.93,1.0,26.6,6.68,7.89,3.19,5.96,262.05
2024-05-12 22:00:00,92.93,1.0,26.6,6.68,7.89,3.19,5.96,262.05
2024-05-12 23:00:00,92.93,1.0,26.6,6.68,7.89,3.19,5.96,262.05
2024-05-13 00:00:00,92.93,1.0,26.6,6.68,7.89,3.19,5.96,262.05
2024-05-13 01:00:00,92.93,1.0,26.6,6.68,7.89,3.19,5.96,262.05
2024-05-13 02:00:00,92.93,1.0,26.6,6.68,7.89,3.19,5.96,262.05
2024-05-13 03:00:00,92.93,1.0,26.6,6.68,7.89,3.19,5.96,262.05
2024-05-13 04:00:00,92.93,1.0,26.6,6.68,7.89,3.19,5.96,262.05
2024-05-13 05:00:00,92.93,1.0,26.6,6.68,7.89,3.19,5.96,262.05
2024-05-13 06:00:00,92.93,1.0,26.6,6.68,7.89,3.19,5.96,262.05
2024-05-13 07:00:00,92.93,1.0,26.6,6.68,7.89,3.19,5.96,262.05
2024-05-13 08:00:00,92.93,1.0,26.6,6.68,7.89,3.19,5.96,262.05
2024-05-13 09:00:00,92.93,1.0,26.6,6.68,7.89,3.19,5.96,262.05
2024-05-13 10:00:00,92.93,1.0,26.6,6.68,7.89,3.19,5.96,262.05
2024-05-13 11:00:00,92.93,1.0,26.6,6.68,7.89,3.19,5.96,262.05
2024-05-13 12:00:00,92.93,1.0,26.6,6.68,7.89,3.19,5.96,262.05
2024-05-13 13:00:00,92.93,1.0,26.6,6.68,7.89,3.19,5.96,262.05
2024-05-13 14:00:00,92.93,1.0,26.6,6.68,7.89,3.19,5.96,262.05
2024-05-13 15:00:00,92.93,1.0,26.6,6.68,7.89,3.19,5.96,262.05
2024-05-13 16:00:00,92.93,1.0,26.6,6.68,7.89,3.19,5.96,262.05
2024-05-13 17:00:00,92.93,1.0,26.6,6.68,7.89,3.19,5.96,262.05
2024-05-13 18:00:00,92.93,1.0,26.6,6.68,7.89,3.19,5.96,262.05
2024-05-13 19:00:00,92.93,1.0,26.6,6.68,7.89,3.19,5.96,262.05
2024-05-13 20:00:00,92.93,1.0,26.6,6.68,7.89,3.19,5.96,262.05
2024-05-13 21:00:00,92.93,1.0,26.6,6.68,7.89,3.19,5.96,262.05
2024-05-13 22:00:00,92.93,1.0,26.6,6.68,7.89,3.19,5.96,262.05
2024-05-13 23:00:00,92.93,1.0,26.6,6.68,7.89,3.19,5.96,262.05
2024-05-14 00:00:00,92.93,1.0,26.6,6.68,7.89,3.19,5.96,262.05
2024-05-14 01:00:00,92.93,1.0,26.6,6.68,7.89,3.19,5.96,262.05
2024-05-14 02:00:00,92.93,1.0,26.6,6.68,7.89,3.19,5.96,262.05
2024-05-14 03:00:00,92.93,1.0,26.6,6.68,7.89,3.19,5.96,262.05
2024-05-14 04:00:00,92.93,1.0,26.6,6.68,7.89,3.19,5.96,262.05
2024-05-14 05:00:00,92.93,1.0,26.6,6.68,7.89,3.19,5.96,262.05
2024-05-14 06:00:00,92.93,1.0,26.6,6.68,7.89,3.19,5.96,262.05
2024-05-14 07:00:00,92.93,1.0,26.6,6.68,7.89,3.19,5.96,262.05
2024-05-14 08:00:00,92.93,1.0,26.6,6.68,7.89,3.19,5.96,262.05
2024-05-14 09:00:00,92.93,1.0,26.6,6.68,7.89,3.19,5.96,262.05
2024-05-14 10:00:00,92.93,1.0,26.6,6.68,7.89,3.19,5.96,262.05
2024-05-14 11:00:00,92.93,1.0,26.6,6.68,7.89,3.19,5.96,262.05
2024-05-14 12:00:00,92.93,1.0,26.6,6.68,7.89,3.19,5.96,262.05
2024-05-14 13:00:00,92.93,1.0,26.6,6.68,7.89,3.19,5.96,262.05
2024-05-14 14:00:00,92.93,1.0,26.6,6.68,7.89,3.19,5.96,262.05
2024-05-14 15:00:00,92.93,1.0,26.6,6.68,7.89,3.19,5.96,262.05
2024-05-14 16:00:00,92.93,1.0,26.6,6.68,7.89,3.19,5.96,262.05
2024-05-14 17:00:00,92.93,1.0,26.6,6.68,7.89,3.19,5.96,262.05
2024-05-14 18:00:00,92.93,1.0,26.6,6.68,7.89,3.19,5.96,262.05
2024-05-14 19:00:00,92.93,1.0,26.6,6.68,7.89,3.19,5.96,262.05
2024-05-14 20:00:00,92.93,1.0,26.6,6.68,7.89,3.19,5.96,262.05
2024-05-14 21:00:00,92.93,1.0,26.6,6.68,7.89,3.19,5.96,262.05
2024-05-14 22:00:00,92.93,1.0,26.6,6.68,7.89,3.19,5.96,262.05
2024-05-14 23:00:00,92.93,1.0,26.6,6.68,7.89,3.19,5.96,262.05
2024-05-15 00:00:00,92.93,1.0,26.6,6.68,7.89,3.19,5.96,262.05
2024-05-15 01:00:00,92.93,1.0,26.6,6.68,7.89,3.19,5.96,262.05
2024-05-15 02:00:00,92.93,1.0,26.6,6.68,7.89,3.19,5.96,262.05
2024-05-15 03:00:00,92.93,1.0,26.6,6.68,7.89,3.19,5.96,262.05
2024-05-15 04:00:00,92.93,1.0,26.6,6.68,7.89,3.19,5.96,262.05
2024-05-15 05:00:00,92.93,1.0,26.6,6.68,7.89,3.19,5.96,262.05
2024-05-15 06:00:00,92.93,1.0,26.6,6.68,7.89,3.19,5.96,262.05
2024-05-15 07:00:00,92.93,1.0,26.6,6.68,7.89,3.19,5.96,262.05
2024-05-15 08:00:00,92.93,1.0,26.6,6.68,7.89,3.19,5.96,262.05
2024-05-15 09:00:00,92.93,1.0,26.6,6.68,7.89,3.19,5.96,262.05
2024-05-15 10:00:00,92.93,1.0,26.6,6.68,7.89,3.19,5.96,262.05
2024-05-15 11:00:00,92.93,1.0,26.6,6.68,7.89,3.19,5.96,262.05
2024-05-15 12:00:00,92.93,1.0,26.6,6.68,7.89,3.19,5.96,262.05
2024-05-15 13:00:00,92.93,1.0,26.6,6.68,7.89,3.19,5.96,262.05
2024-05-15 14:00:00,92.93,1.0,26.6,6.68,7.89,3.19,5.96,262.05
2024-05-15 15:00:00,92.93,1.0,26.6,6.68,7.89,3.19,5.96,262.05
2024-05-15 16:00:00,92.93,1.0,26.6,6.68,7.89,3.19,5.96,262.05
2024-05-15 17:00:00,92.93,1.0,26.6,6.68,7.89,3.19,5.96,262.05
2024-05-15 18:00:00,92.93,1.0,26.6,6.68,7.89,3.19,5.96,262.05
2024-05-15 19:00:00,92.93,1.0,26.6,6.68,7.89,3.19,5.96,262.05
2024-05-15 20:00:00,92.93,1.0,26.6,6.68,7.89,3.19,5.96,262.05
2024-05-15 21:00:00,92.93,1.0,26.6,6.68,7.89,3.19,5.96,262.05
2024-05-15 22:00:00,92.93,1.0,26.6,6.68,7.89,3.19,5.96,262.05
2024-05-15 23:00:00,92.93,1.0,26.6,6.68,7.89,3.19,5.96,262.05
2024-05-16 00:00:00,92.93,1.0,26.6,6.68,7.89,3.19,5.96,262.05
2024-05-16 01:00:00,92.93,1.0,26.6,6.68,7.89,3.19,5.96,262.05
2024-05-16 02:00:00,92.93,1.0,26.6,6.68,7.89,3.19,5.96,262.05
2024-05-16 03:00:00,92.93,1.0,26.6,6.68,7.89,3.19,5.96,262.05
2024-05-16 04:00:00,92.93,1.0,26.6,6.68,7.89,3.19,5.96,262.05
2024-05-16 05:00:00,92.93,1.0,26.6,6.68,7.89,3.19,5.96,262.05
2024-05-16 06:00:00,92.93,1.0,26.6,6.68,7.89,3.19,5.96,262.05
2024-05-16 07:00:00,92.93,1.0,26.6,6.68,7.89,3.19,5.96,262.05
2024-05-16 08:00:00,92.93,1.0,26.6,6.68,7.89,3.19,5.96,262.05
2024-05-16 09:00:00,92.93,1.0,26.6,6.68,7.89,3.19,5.96,262.05
2024-05-16 10:00:00,92.93,1.0,26.6,6.68,7.89,3.19,5.96,262.05
2024-05-16 11:00:00,92.93,1.0,26.6,6.68,7.89,3.19,5.96,262.05
2024-05-16 12:00:00,92.93,1.0,26.6,6.68,7.89,3.19,5.96,262.05
2024-05-16 13:00:00,92.93,1.0,26.6,6.68,7.89,3.19,5.96,262.05
2024-05-16 14:00:00,92.93,1.0,26.6,6.68,7.89,3.19,5.96,262.05
2024-05-16 15:00:00,92.93,1.0,26.6,6.68,7.89,3.19,5.96,262.05
2024-05-16 16:00:00,92.93,1.0,26.6,6.68,7.89,3.19,5.96,262.05
2024-05-16 17:00:00,92.93,1.0,26.6,6.68,7.89,3.19,5.96,262.05
2024-05-16 18:00:00,92.93,1.0,26.6,6.68,7.89,3.19,5.96,262.05
2024-05-16 19:00:00,92.93,1.0,26.6,6.68,7.89,3.19,5.96,262.05
2024-05-16 20:00:00,92.93,1.0,26.6,6.68,7.89,3.19,5.96,262.05
2024-05-16 21:00:00,92.93,1.0,26.6,6.68,7.89,3.19,5.96,262.05
2024-05-16 22:00:00,92.93,1.0,26.6,6.68,7.89,3.19,5.96,262.05
2024-05-16 23:00:00,92.93,1.0,26.6,6.68,7.89,3.19,5.96,262.05
2024-05-17 00:00:00,92.93,1.0,26.6,6.68,7.89,3.19,5.96,262.05
2024-05-17 01:00:00,92.93,1.0,26.6,6.68,7.89,3.19,5.96,262.05
2024-05-17 02:00:00,92.93,1.0,26.6,6.68,7.89,3.19,5.96,262.05
2024-05-17 03:00:00,92.93,1.0,26.6,6.68,7.89,3.19,5.96,262.05
2024-05-17 04:00:00,92.93,1.0,26.6,6.68,7.89,3.19,5.96,262.05
2024-05-17 05:00:00,92.93,1.0,26.6,6.68,7.89,3.19,5.96,262.05
2024-05-17 06:00:00,92.93,1.0,26.6,6.68,7.89,3.19,5.96,262.05
2024-05-17 07:00:00,92.93,1.0,26.6,6.68,7.89,3.19,5.96,262.05
2024-05-17 08:00:00,92.93,1.0,26.6,6.68,7.89,3.19,5.96,262.05
2024-05-17 09:00:00,92.93,1.0,26.6,6.68,7.89,3.19,5.96,262.05
2024-05-17 10:00:00,92.93,1.0,26.6,6.68,7.89,3.19,5.96,262.05
2024-05-17 11:00:00,92.93,1.0,26.6,6.68,7.89,3.19,5.96,262.05
2024-05-17 12:00:00,92.93,1.0,26.6,6.68,7.89,3.19,5.96,262.05
2024-05-17 13:00:00,92.93,1.0,26.6,6.68,7.89,3.19,5.96,262.05
2024-05-17 14:00:00,92.93,1.0,26.6,6.68,7.89,3.19,5.96,262.05
2024-05-17 15:00:00,92.93,1.0,26.6,6.68,7.89,3.19,5.96,262.05
2024-05-17 16:00:00,92.93,1.0,26.6,6.68,7.89,3.19,5.96,262.05
2024-05-17 17:00:00,92.93,1.0,26.6,6.68,7.89,3.19,5.96,262.05
2024-05-17 18:00:00,92.93,1.0,26.6,6.68,7.89,3.19,5.96,262.05
2024-05-17 19:00:00,92.93,1.0,26.6,6.68,7.89,3.19,5.96,262.05
2024-05-17 20:00:00,92.93,1.0,26.6,6.68,7.89,3.19,5.96,262.05
2024-05-17 21:00:00,92.93,1.0,26.6,6.68,7.89,3.19,5.96,262.05
2024-05-17 22:00:00,92.93,1.0,26.6,6.68,7.89,3.19,5.96,262.05
2024-05-17 23:00:00,92.93,1.0,26.6,6.68,7.89,3.19,5.96,262.05
2024-05-18 00:00:00,92.93,1.0,26.6,6.68,7.89,3.19,5.96,262.05
2024-05-18 01:00:00,92.93,1.0,26.6,6.68,7.89,3.19,5.96,262.05
2024-05-18 02:00:00,92.93,1.0,26.6,6.68,7.89,3.19,5.96,262.05
2024-05-18 03:00:00,92.93,1.0,26.6,6.68,7.89,3.19,5.96,262.05
2024-05-18 04:00:00,92.93,1.0,26.6,6.68,7.89,3.19,5.96,262.05
2024-05-18 05:00:00,92.93,1.0,26.6,6.68,7.89,3.19,5.96,262.05
2024-05-18 06:00:00,92.93,1.0,26.6,6.68,7.89,3.19,5.96,262.05
2024-05-18 07:00:00,92.93,1.0,26.6,6.68,7.89,3.19,5.96,262.05
2024-05-18 08:00:00,92.93,1.0,26.6,6.68,7.89,3.19,5.96,262.05
2024-05-18 09:00:00,92.93,1.0,26.6,6.68,7.89,3.19,5.96,262.05
2024-05-18 10:00:00,92.93,1.0,26.6,6.68,7.89,3.19,5.96,262.05
2024-05-18 11:00:00,92.93,1.0,26.6,6.68,7.89,3.19,5.96,262.05
2024-05-18 12:00:00,92.93,1.0,26.6,6.68,7.89,3.19,5.96,262.05
2024-05-18 13:00:00,92.93,1.0,26.6,6.68,7.89,3.19,5.96,262.05
2024-05-18 14:00:00,92.93,1.0,26.6,6.68,7.89,3.19,5.96,262.05
2024-05-18 15:00:00,92.93,1.0,26.6,6.68,7.89,3.19,5.96,262.05
2024-05-18 16:00:00,92.93,1.0,26.6,6.68,7.89,3.19,5.96,262.05
2024-05-18 17:00:00,92.93,1.0,26.6,6.68,7.89,3.19,5.96,262.05
2024-05-18 18:00:00,92.93,1.0,26.6,6.68,7.89,3.19,5.96,262.05
2024-05-18 19:00:00,92.93,1.0,26.6,6.68,7.89,3.19,5.96,262.05
2024-05-18 20:00:00,92.93,1.0,26.6,6.68,7.89,3.19,5.96,262.05
2024-05-18 21:00:00,92.93,1.0,26.6,6.68,7.89,3.19,5.96,262.05
2024-05-18 22:00:00,92.93,1.0,26.6,6.68,7.89,3.19,5.96,262.05
2024-05-18 23:00:00,92.93,1.0,26.6,6.68,7.89,3.19,5.96,262.05
2024-05-19 00:00:00,92.93,1.0,26.6,6.68,7.89,3.19,5.96,262.05
2024-05-19 01:00:00,92.93,1.0,26.6,6.68,7.89,3.19,5.96,262.05
2024-05-19 02:00:00,92.93,1.0,26.6,6.68,7.89,3.19,5.96,262.05
2024-05-19 03:00:00,92.93,1.0,26.6,6.68,7.89,3.19,5.96,262.05
2024-05-19 04:00:00,92.93,1.0,26.6,6.68,7.89,3.19,5.96,262.05
2024-05-19 05:00:00,92.93,1.0,26.6,6.68,7.89,3.19,5.96,262.05
2024-05-19 06:00:00,92.93,1.0,26.6,6.68,7.89,3.19,5.96,262.05
2024-05-19 07:00:00,92.93,1.0,26.6,6.68,7.89,3.19,5.96,262.05
2024-05-19 08:00:00,92.93,1.0,26.6,6.68,7.89,3.19,5.96,262.05
2024-05-19 09:00:00,92.93,1.0,26.6,6.68,7.89,3.19,5.96,262.05
2024-05-19 10:00:00,92.93,1.0,26.6,6.68,7.89,3.19,5.96,262.05
2024-05-19 11:00:00,92.93,1.0,26.6,6.68,7.89,3.19,5.96,262.05
2024-05-19 12:00:00,92.93,1.0,26.6,6.68,7.89,3.19,5.96,262.05
2024-05-19 13:00:00,92.93,1.0,26.6,6.68,7.89,3.19,5.96,262.05
2024-05-19 14:00:00,92.93,1.0,26.6,6.68,7.89,3.19,5.96,262.05
2024-05-19 15:00:00,92.93,1.0,26.6,6.68,7.89,3.19,5.96,262.05
2024-05-19 16:00:00,92.93,1.0,26.6,6.68,7.89,3.19,5.96,262.05
2024-05-19 17:00:00,92.93,1.0,26.6,6.68,7.89,3.19,5.96,262.05
2024-05-19 18:00:00,92.93,1.0,26.6,6.68,7.89,3.19,5.96,262.05
2024-05-19 19:00:00,92.93,1.0,26.6,6.68,7.89,3.19,5.96,262.05
2024-05-19 20:00:00,92.93,1.0,26.6,6.68,7.89,3.19,5.96,262.05
2024-05-19 21:00:00,92.93,1.0,26.6,6.68,7.89,3.19,5.96,262.05
2024-05-19 22:00:00,92.93,1.0,26.6,6.68,7.89,3.19,5.96,262.05
2024-05-19 23:00:00,92.93,1.0,26.6,6.68,7.89,3.19,5.96,262.05
2024-05-20 00:00:00,92.93,1.0,26.6,6.68,7.89,3.19,5.96,262.05
2024-05-20 01:00:00,92.93,1.0,26.6,6.68,7.89,3.19,5.96,262.05
2024-05-20 02:00:00,92.93,1.0,26.6,6.68,7.89,3.19,5.96,262.05
2024-05-20 03:00:00,92.93,1.0,26.6,6.68,7.89,3.19,5.96,262.05
2024-05-20 04:00:00,92.93,1.0,26.6,6.68,7.89,3.19,5.96,262.05
2024-05-20 05:00:00,92.93,1.0,26.6,6.68,7.89,3.19,5.96,262.05
2024-05-20 06:00:00,92.93,1.0,26.6,6.68,7.89,3.19,5.96,262.05
2024-05-20 07:00:00,92.93,1.0,26.6,6.68,7.89,3.19,5.96,262.05
2024-05-20 08:00:00,92.93,1.0,26.6,6.68,7.89,3.19,5.96,262.05
2024-05-20 09:00:00,92.93,1.0,26.6,6.68,7.89,3.19,5.96,262.05
2024-05-20 10:00:00,92.93,1.0,26.6,6.68,7.89,3.19,5.96,262.05
2024-05-20 11:00:00,92.93,1.0,26.6,6.68,7.89,3.19,5.96,262.05
2024-05-20 12:00:00,92.93,1.0,26.6,6.68,7.89,3.19,5.96,262.05
2024-05-20 13:00:00,92.93,1.0,26.6,6.68,7.89,3.19,5.96,262.05
2024-05-20 14:00:00,92.93,1.0,26.6,6.68,7.89,3.19,5.96,262.05
2024-05-20 15:00:00,92.93,1.0,26.6,6.68,7.89,3.19,5.96,262.05
2024-05-20 16:00:00,92.93,1.0,26.6,6.68,7.89,3.19,5.96,262.05
2024-05-20 17:00:00,92.93,1.0,26.6,6.68,7.89,3.19,5.96,262.05
2024-05-20 18:00:00,92.93,1.0,26.6,6.68,7.89,3.19,5.96,262.05
2024-05-20 19:00:00,92.93,1.0,26.6,6.68,7.89,3.19,5.96,262.05
2024-05-20 20:00:00,92.93,1.0,26.6,6.68,7.89,3.19,5.96,262.05
2024-05-20 21:00:00,92.93,1.0,26.6,6.68,7.89,3.19,5.96,262.05
2024-05-20 22:00:00,92.93,1.0,26.6,6.68,7.89,3.19,5.96,262.05
2024-05-20 23:00:00,92.93,1.0,26.6,6.68,7.89,3.19,5.96,262.05
2024-05-21 00:00:00,92.93,1.0,26.6,6.68,7.89,3.19,5.96,262.05
2024-05-21 01:00:00,92.93,1.0,26.6,6.68,7.89,3.19,5.96,262.05
2024-05-21 02:00:00,92.93,1.0,26.6,6.68,7.89,3.19,5.96,262.05
2024-05-21 03:00:00,92.93,1.0,26.6,6.68,7.89,3.19,5.96,262.05
2024-05-21 04:00:00,92.93,1.0,26.6,6.68,7.89,3.19,5.96,262.05
2024-05-21 05:00:00,92.93,1.0,26.6,6.68,7.89,3.19,5.96,262.05
2024-05-21 06:00:00,92.93,1.0,26.6,6.68,7.89,3.19,5.96,262.05
2024-05-21 07:00:00,92.93,1.0,26.6,6.68,7.89,3.19,5.96,262.05
2024-05-21 08:00:00,92.93,1.0,26.6,6.68,7.89,3.19,5.96,262.05
2024-05-21 09:00:00,92.93,1.0,26.6,6.68,7.89,3.19,5.96,262.05
2024-05-21 10:00:00,92.93,1.0,26.6,6.68,7.89,3.19,5.96,262.05
2024-05-21 11:00:00,92.93,1.0,26.6,6.68,7.89,3.19,5.96,262.05
2024-05-21 12:00:00,92.93,1.0,26.6,6.68,7.89,3.19,5.96,262.05
2024-05-21 13:00:00,92.93,1.0,26.6,6.68,7.89,3.19,5.96,262.05
2024-05-21 14:00:00,92.93,1.0,26.6,6.68,7.89,3.19,5.96,262.05
2024-05-21 15:00:00,92.93,1.0,26.6,6.68,7.89,3.19,5.96,262.05
2024-05-21 16:00:00,92.93,1.0,26.6,6.68,7.89,3.19,5.96,262.05
2024-05-21 17:00:00,92.93,1.0,26.6,6.68,7.89,3.19,5.96,262.05
2024-05-21 18:00:00,92.93,1.0,26.6,6.68,7.89,3.19,5.96,262.05
2024-05-21 19:00:00,92.93,1.0,26.6,6.68,7.89,3.19,5.96,262.05
2024-05-21 20:00:00,92.93,1.0,26.6,6.68,7.89,3.19,5.96,262.05
2024-05-21 21:00:00,92.93,1.0,26.6,6.68,7.89,3.19,5.96,262.05
2024-05-21 22:00:00,92.93,1.0,26.6,6.68,7.89,3.19,5.96,262.05
2024-05-21 23:00:00,92.93,1.0,26.6,6.68,7.89,3.19,5.96,262.05
2024-05-22 00:00:00,92.93,1.0,26.6,6.68,7.89,3.19,5.96,262.05
2024-05-22 01:00:00,92.93,1.0,26.6,6.68,7.89,3.19,5.96,262.05
2024-05-22 02:00:00,92.93,1.0,26.6,6.68,7.89,3.19,5.96,262.05
2024-05-22 03:00:00,92.93,1.0,26.6,6.68,7.89,3.19,5.96,262.05
2024-05-22 04:00:00,92.93,1.0,26.6,6.68,7.89,3.19,5.96,262.05
2024-05-22 05:00:00,92.93,1.0,26.6,6.68,7.89,3.19,5.96,262.05
2024-05-22 06:00:00,92.93,1.0,26.6,6.68,7.89,3.19,5.96,262.05
2024-05-22 07:00:00,92.93,1.0,26.6,6.68,7.89,3.19,5.96,262.05
2024-05-22 08:00:00,92.93,1.0,26.6,6.68,7.89,3.19,5.96,262.05
2024-05-22 09:00:00,92.93,1.0,26.6,6.68,7.89,3.19,5.96,262.05
2024-05-22 10:00:00,92.93,1.0,26.6,6.68,7.89,3.19,5.96,262.05
2024-05-22 11:00:00,92.93,1.0,26.6,6.68,7.89,3.19,5.96,262.05
2024-05-22 12:00:00,92.93,1.0,26.6,6.68,7.89,3.19,5.96,262.05
2024-05-22 13:00:00,92.93,1.0,26.6,6.68,7.89,3.19,5.96,262.05
2024-05-22 14:00:00,92.93,1.0,26.6,6.68,7.89,3.19,5.96,262.05
2024-05-22 15:00:00,92.93,1.0,26.6,6.68,7.89,3.19,5.96,262.05
2024-05-22 16:00:00,92.93,1.0,26.6,6.68,7.89,3.19,5.96,262.05
2024-05-22 17:00:00,92.93,1.0,26.6,6.68,7.89,3.19,5.96,262.05
2024-05-22 18:00:00,92.93,1.0,26.6,6.68,7.89,3.19,5.96,262.05
2024-05-22 19:00:00,92.93,1.0,26.6,6.68,7.89,3.19,5.96,262.05
2024-05-22 20:00:00,92.93,1.0,26.6,6.68,7.89,3.19,5.96,262.05
2024-05-22 21:00:00,92.93,1.0,26.6,6.68,7.89,3.19,5.96,262.05
2024-05-22 22:00:00,92.93,1.0,26.6,6.68,7.89,3.19,5.96,262.05
2024-05-22 23:00:00,92.93,1.0,26.6,6.68,7.89,3.19,5.96,262.05
2024-05-23 00:00:00,92.93,1.0,26.6,6.68,7.89,3.19,5.96,262.05
2024-05-23 01:00:00,92.93,1.0,26.6,6.68,7.89,3.19,5.96,262.05
2024-05-23 02:00:00,92.93,1.0,26.6,6.68,7.89,3.19,5.96,262.05
2024-05-23 03:00:00,92.93,1.0,26.6,6.68,7.89,3.19,5.96,262.05
2024-05-23 04:00:00,92.93,1.0,26.6,6.68,7.89,3.19,5.96,262.05
2024-05-23 05:00:00,92.93,1.0,26.6,6.68,7.89,3.19,5.96,262.05
2024-05-23 06:00:00,92.93,1.0,26.6,6.68,7.89,3.19,5.96,262.05
2024-05-23 07:00:00,92.93,1.0,26.6,6.68,7.89,3.19,5.96,262.05
2024-05-23 08:00:00,92.93,1.0,26.6,6.68,7.89,3.19,5.96,262.05
2024-05-23 09:00:00,92.93,1.0,26.6,6.68,7.89,3.19,5.96,262.05
2024-05-23 10:00:00,92.93,1.0,26.6,6.68,7.89,3.19,5.96,262.05
2024-05-23 11:00:00,92.93,1.0,26.6,6.68,7.89,3.19,5.96,262.05
2024-05-23 12:00:00,92.93,1.0,26.6,6.68,7.89,3.19,5.96,262.05
2024-05-23 13:00:00,92.93,1.0,26.6,6.68,7.89,3.19,5.96,262.05
2024-05-23 14:00:00,92.93,1.0,26.6,6.68,7.89,3.19,5.96,262.05
2024-05-23 15:00:00,92.93,1.0,26.6,6.68,7.89,3.19,5.96,262.05
2024-05-23 16:00:00,92.93,1.0,26.6,6.68,7.89,3.19,5.96,262.05
2024-05-23 17:00:00,92.93,1.0,26.6,6.68,7.89,3.19,5.96,262.05
2024-05-23 18:00:00,92.93,1.0,26.6,6.68,7.89,3.19,5.96,262.05
2024-05-23 19:00:00,92.93,1.0,26.6,6.68,7.89,3.19,5.96,262.05
2024-05-23 20:00:00,92.93,1.0,26.6,6.68,7.89,3.19,5.96,262.05
2024-05-23 21:00:00,92.93,1.0,26.6,6.68,7.89,3.19,5.96,262.05
2024-05-23 22:00:00,92.93,1.0,26.6,6.68,7.89,3.19,5.96,262.05
2024-05-23 23:00:00,92.93,1.0,26.6,6.68,7.89,3.19,5.96,262.05
2024-05-24 00:00:00,92.93,1.0,26.6,6.68,7.89,3.19,5.96,262.05
2024-05-24 01:00:00,92.93,1.0,26.6,6.68,7.89,3.19,5.96,262.05
2024-05-24 02:00:00,92.93,1.0,26.6,6.68,7.89,3.19,5.96,262.05
2024-05-24 03:00:00,92.93,1.0,26.6,6.68,7.89,3.19,5.96,262.05
2024-05-24 04:00:00,92.93,1.0,26.6,6.68,7.89,3.19,5.96,262.05
2024-05-24 05:00:00,92.93,1.0,26.6,6.68,7.89,3.19,5.96,262.05
2024-05-24 06:00:00,92.93,1.0,26.6,6.68,7.89,3.19,5.96,262.05
2024-05-24 07:00:00,92.93,1.0,26.6,6.68,7.89,3.19,5.96,262.05
2024-05-24 08:00:00,92.93,1.0,26.6,6.68,7.89,3.19,5.96,262.05
2024-05-24 09:00:00,92.93,1.0,26.6,6.68,7.89,3.19,5.96,262.05
2024-05-24 10:00:00,92.93,1.0,26.6,6.68,7.89,3.19,5.96,262.05
2024-05-24 11:00:00,92.93,1.0,26.6,6.68,7.89,3.19,5.96,262.05
2024-05-24 12:00:00,92.93,1.0,26.6,6.68,7.89,3.19,5.96,262.05
2024-05-24 13:00:00,92.93,1.0,26.6,6.68,7.89,3.19,5.96,262.05
2024-05-24 14:00:00,92.93,1.0,26.6,6.68,7.89,3.19,5.96,262.05
2024-05-24 15:00:00,92.93,1.0,26.6,6.68,7.89,3.19,5.96,262.05
2024-05-24 16:00:00,92.93,1.0,26.6,6.68,7.89,3.19,5.96,262.05
2024-05-24 17:00:00,92.93,1.0,26.6,6.68,7.89,3.19,5.96,262.05
2024-05-24 18:00:00,92.93,1.0,26.6,6.68,7.89,3.19,5.96,262.05
2024-05-24 19:00:00,92.93,1.0,26.6,6.68,7.89,3.19,5.96,262.05
2024-05-24 20:00:00,92.93,1.0,26.6,6.68,7.89,3.19,5.96,262.05
2024-05-24 21:00:00,92.93,1.0,26.6,6.68,7.89,3.19,5.96,262.05
2024-05-24 22:00:00,92.93,1.0,26.6,6.68,7.89,3.19,5.96,262.05
2024-05-24 23:00:00,92.93,1.0,26.6,6.68,7.89,3.19,5.96,262.05
2024-05-25 00:00:00,92.93,1.0,26.6,6.68,7.89,3.19,5.96,262.05
2024-05-25 01:00:00,92.93,1.0,26.6,6.68,7.89,3.19,5.96,262.05
2024-05-25 02:00:00,92.93,1.0,26.6,6.68,7.89,3.19,5.96,262.05
2024-05-25 03:00:00,92.93,1.0,26.6,6.68,7.89,3.19,5.96,262.05
2024-05-25 04:00:00,92.93,1.0,26.6,6.68,7.89,3.19,5.96,262.05
2024-05-25 05:00:00,92.93,1.0,26.6,6.68,7.89,3.19,5.96,262.05
2024-05-25 06:00:00,92.93,1.0,26.6,6.68,7.89,3.19,5.96,262.05
2024-05-25 07:00:00,92.93,1.0,26.6,6.68,7.89,3.19,5.96,262.05
2024-05-25 08:00:00,92.93,1.0,26.6,6.68,7.89,3.19,5.96,262.05
2024-05-25 09:00:00,92.93,1.0,26.6,6.68,7.89,3.19,5.96,262.05
2024-05-25 10:00:00,92.93,1.0,26.6,6.68,7.89,3.19,5.96,262.05
2024-05-25 11:00:00,92.93,1.0,26.6,6.68,7.89,3.19,5.96,262.05
2024-05-25 12:00:00,92.93,1.0,26.6,6.68,7.89,3.19,5.96,262.05
2024-05-25 13:00:00,92.93,1.0,26.6,6.68,7.89,3.19,5.96,262.05
2024-05-25 14:00:00,92.93,1.0,26.6,6.68,7.89,3.19,5.96,262.05
2024-05-25 15:00:00,92.93,1.0,26.6,6.68,7.89,3.19,5.96,262.05
2024-05-25 16:00:00,92.93,1.0,26.6,6.68,7.89,3.19,5.96,262.05
2024-05-25 17:00:00,92.93,1.0,26.6,6.68,7.89,3.19,5.96,262.05
2024-05-25 18:00:00,92.93,1.0,26.6,6.68,7.89,3.19,5.96,262.05
2024-05-25 19:00:00,92.93,1.0,26.6,6.68,7.89,3.19,5.96,262.05
2024-05-25 20:00:00,92.93,1.0,26.6,6.68,7.89,3.19,5.96,262.05
2024-05-25 21:00:00,92.93,1.0,26.6,6.68,7.89,3.19,5.96,262.05
2024-05-25 22:00:00,92.93,1.0,26.6,6.68,7.89,3.19,5.96,262.05
2024-05-25 23:00:00,92.93,1.0,26.6,6.68,7.89,3.19,5.96,262.05
2024-05-26 00:00:00,92.93,1.0,26.6,6.68,7.89,3.19,5.96,262.05
2024-05-26 01:00:00,92.93,1.0,26.6,6.68,7.89,3.19,5.96,262.05
2024-05-26 02:00:00,92.93,1.0,26.6,6.68,7.89,3.19,5.96,262.05
2024-05-26 03:00:00,92.93,1.0,26.6,6.68,7.89,3.19,5.96,262.05
2024-05-26 04:00:00,92.93,1.0,26.6,6.68,7.89,3.19,5.96,262.05
2024-05-26 05:00:00,92.93,1.0,26.6,6.68,7.89,3.19,5.96,262.05
2024-05-26 06:00:00,92.93,1.0,26.6,6.68,7.89,3.19,5.96,262.05
2024-05-26 07:00:00,92.93,1.0,26.6,6.68,7.89,3.19,5.96,262.05
2024-05-26 08:00:00,92.93,1.0,26.6,6.68,7.89,3.19,5.96,262.05
2024-05-26 09:00:00,92.93,1.0,26.6,6.68,7.89,3.19,5.96,262.05
2024-05-26 10:00:00,92.93,1.0,26.6,6.68,7.89,3.19,5.96,262.05
2024-05-26 11:00:00,92.93,1.0,26.6,6.68,7.89,3.19,5.96,262.05
2024-05-26 12:00:00,92.93,1.0,26.6,6.68,7.89,3.19,5.96,262.05
2024-05-26 13:00:00,92.93,1.0,26.6,6.68,7.89,3.19,5.96,262.05
2024-05-26 14:00:00,92.93,1.0,26.6,6.68,7.89,3.19,5.96,262.05
2024-05-26 15:00:00,92.93,1.0,26.6,6.68,7.89,3.19,5.96,262.05
2024-05-26 16:00:00,92.93,1.0,26.6,6.68,7.89,3.19,5.96,262.05
2024-05-26 17:00:00,92.93,1.0,26.6,6.68,7.89,3.19,5.96,262.05
2024-05-26 18:00:00,92.93,1.0,26.6,6.68,7.89,3.19,5.96,262.05
2024-05-26 19:00:00,92.93,1.0,26.6,6.68,7.89,3.19,5.96,262.05
2024-05-26 20:00:00,92.93,1.0,26.6,6.68,7.89,3.19,5.96,262.05
2024-05-26 21:00:00,92.93,1.0,26.6,6.68,7.89,3.19,5.96,262.05
2024-05-26 22:00:00,92.93,1.0,26.6,6.68,7.89,3.19,5.96,262.05
2024-05-26 23:00:00,92.93,1.0,26.6,6.68,7.89,3.19,5.96,262.05
2024-05-27 00:00:00,92.93,1.0,26.6,6.68,7.89,3.19,5.96,262.05
2024-05-27 01:00:00,92.93,1.0,26.6,6.68,7.89,3.19,5.96,262.05
2024-05-27 02:00:00,92.93,1.0,26.6,6.68,7.89,3.19,5.96,262.05
2024-05-27 03:00:00,92.93,1.0,26.6,6.68,7.89,3.19,5.96,262.05
2024-05-27 04:00:00,92.93,1.0,26.6,6.68,7.89,3.19,5.96,262.05
2024-05-27 05:00:00,92.93,1.0,26.6,6.68,7.89,3.19,5.96,262.05
2024-05-27 06:00:00,92.92912087912089,1.0,26.60934065934066,6.691428571428571,7.88989010989011,3.195714285714286,5.938351648351649,262.0584615384615
2024-05-27 07:00:00,92.92824175824177,1.0,26.61868131868132,6.702857142857143,7.88978021978022,3.201428571428572,5.916703296703297,262.0669230769231
2024-05-27 08:00:00,92.92736263736265,1.0,26.62802197802198,6.714285714285714,7.889670329670329,3.207142857142857,5.895054945054945,262.0753846153846
2024-05-27 09:00:00,92.92648351648353,1.0,26.63736263736264,6.725714285714285,7.889560439560439,3.212857142857143,5.873406593406593,262.0838461538461
2024-05-27 10:00:00,92.9256043956044,1.0,26.6467032967033,6.737142857142857,7.889450549450549,3.218571428571428,5.851758241758242,262.0923076923077
2024-05-27 11:00:00,92.92472527472528,1.0,26.65604395604396,6.748571428571428,7.889340659340659,3.224285714285714,5.83010989010989,262.1007692307692
2024-05-27 12:00:00,92.92384615384616,1.0,26.66538461538462,6.76,7.889230769230769,3.23,5.808461538461539,262.1092307692308
2024-05-27 13:00:00,92.92296703296704,1.0,26.67472527472528,6.771428571428571,7.889120879120878,3.235714285714286,5.786813186813187,262.1176923076923
2024-05-27 14:00:00,92.92208791208792,1.0,26.68406593406593,6.782857142857143,7.889010989010989,3.241428571428572,5.765164835164835,262.1261538461538
2024-05-27 15:00:00,92.9212087912088,1.0,26.6934065934066,6.794285714285714,7.888901098901099,3.247142857142857,5.743516483516483,262.1346153846154
2024-05-27 16:00:00,92.92032967032968,1.0,26.70274725274725,6.805714285714285,7.888791208791209,3.252857142857143,5.721868131868132,262.1430769230769
2024-05-27 17:00:00,92.91945054945056,1.0,26.71208791208791,6.817142857142857,7.888681318681319,3.258571428571428,5.70021978021978,262.1515384615385
2024-05-27 18:00:00,92.91857142857144,1.0,26.72142857142857,6.828571428571428,7.888571428571428,3.264285714285714,5.678571428571429,262.16
2024-05-27 19:00:00,92.9176923076923,1.0,26.73076923076923,6.84,7.888461538461538,3.27,5.656923076923077,262.1684615384615
2024-05-27 20:00:00,92.91681318681319,1.0,26.74010989010989,6.851428571428571,7.888351648351648,3.275714285714286,5.635274725274726,262.1769230769231
2024-05-27 21:00:00,92.91593406593407,1.0,26.74945054945055,6.862857142857143,7.888241758241758,3.281428571428572,5.613626373626373,262.1853846153846
2024-05-27 22:00:00,92.91505494505495,1.0,26.75879120879121,6.874285714285714,7.888131868131868,3.287142857142857,5.591978021978022,262.1938461538462
2024-05-27 23:00:00,92.91417582417583,1.0,26.76813186813187,6.885714285714285,7.888021978021977,3.292857142857143,5.57032967032967,262.2023076923077
2024-05-28 00:00:00,92.91329670329671,1.0,26.77747252747253,6.897142857142857,7.887912087912087,3.298571428571428,5.548681318681319,262.2107692307692
2024-05-28 01:00:00,92.91241758241759,1.0,26.78681318681319,6.908571428571428,7.887802197802197,3.304285714285714,5.527032967032967,262.2192307692308
2024-05-28 02:00:00,92.91153846153847,1.0,26.79615384615385,6.92,7.887692307692308,3.31,5.505384615384616,262.2276923076923
2024-05-28 03:00:00,92.91065934065935,1.0,26.80549450549451,6.931428571428571,7.887582417582418,3.315714285714286,5.483736263736263,262.2361538461539
2024-05-28 04:00:00,92.90978021978022,1.0,26.81483516483517,6.942857142857142,7.887472527472527,3.321428571428571,5.462087912087912,262.2446153846154
2024-05-28 05:00:00,92.9089010989011,1.0,26.82417582417582,6.954285714285714,7.887362637362637,3.327142857142857,5.44043956043956,262.2530769230769
2024-05-28 06:00:00,92.90802197802198,1.0,26.83351648351648,6.965714285714285,7.887252747252747,3.332857142857143,5.418791208791209,262.2615384615385
2024-05-28 07:00:00,92.90714285714286,1.0,26.84285714285715,6.977142857142857,7.887142857142857,3.338571428571429,5.397142857142857,262.27
2024-05-28 08:00:00,92.90626373626374,1.0,26.8521978021978,6.988571428571428,7.887032967032967,3.344285714285714,5.375494505494506,262.2784615384616
2024-05-28 09:00:00,92.90538461538462,1.0,26.86153846153846,7.0,7.886923076923076,3.35,5.353846153846154,262.2869230769231
2024-05-28 10:00:00,92.9045054945055,1.0,26.87087912087912,7.011428571428571,7.886813186813186,3.355714285714286,5.332197802197802,262.2953846153846
2024-05-28 11:00:00,92.90362637362638,1.0,26.88021978021978,7.022857142857142,7.886703296703296,3.361428571428571,5.31054945054945,262.3038461538462
2024-05-28 12:00:00,92.90274725274726,1.0,26.88956043956044,7.034285714285714,7.886593406593406,3.367142857142857,5.288901098901099,262.3123076923077
2024-05-28 13:00:00,92.90186813186813,1.0,26.8989010989011,7.045714285714285,7.886483516483517,3.372857142857143,5.267252747252748,262.3207692307693
2024-05-28 14:00:00,92.90098901098901,1.0,26.90824175824176,7.057142857142857,7.886373626373626,3.378571428571429,5.245604395604396,262.3292307692308
2024-05-28 15:00:00,92.90010989010989,1.0,26.91758241758242,7.068571428571429,7.886263736263736,3.384285714285714,5.223956043956044,262.3376923076923
2024-05-28 16:00:00,92.89923076923077,1.0,26.92692307692308,7.08,7.886153846153846,3.39,5.202307692307692,262.3461538461539
2024-05-28 17:00:00,92.89835164835165,1.0,26.93626373626374,7.091428571428571,7.886043956043956,3.395714285714285,5.180659340659341,262.3546153846154
2024-05-28 18:00:00,92.89747252747253,1.0,26.94560439560439,7.102857142857142,7.885934065934066,3.401428571428571,5.159010989010989,262.3630769230769
2024-05-28 19:00:00,92.89659340659341,1.0,26.95494505494506,7.114285714285714,7.885824175824175,3.407142857142857,5.137362637362638,262.3715384615385
2024-05-28 20:00:00,92.89571428571429,1.0,26.96428571428572,7.125714285714285,7.885714285714285,3.412857142857143,5.115714285714286,262.38
2024-05-28 21:00:00,92.89483516483517,1.0,26.97362637362637,7.137142857142857,7.885604395604395,3.418571428571429,5.094065934065934,262.3884615384616
2024-05-28 22:00:00,92.89395604395604,1.0,26.98296703296703,7.148571428571429,7.885494505494505,3.424285714285714,5.072417582417582,262.3969230769231
2024-05-28 23:00:00,92.89307692307692,1.0,26.99230769230769,7.16,7.885384615384615,3.43,5.050769230769231,262.4053846153846
2024-05-29 00:00:00,92.8921978021978,1.0,27.00164835164835,7.171428571428571,7.885274725274725,3.435714285714285,5.029120879120879,262.4138461538462
2024-05-29 01:00:00,92.89131868131868,1.0,27.01098901098901,7.182857142857142,7.885164835164835,3.441428571428571,5.007472527472528,262.4223076923077
2024-05-29 02:00:00,92.89043956043956,1.0,27.02032967032967,7.194285714285714,7.885054945054945,3.447142857142857,4.985824175824176,262.4307692307692
2024-05-29 03:00:00,92.88956043956044,1.0,27.02967032967033,7.205714285714286,7.884945054945055,3.452857142857143,4.964175824175824,262.4392307692308
2024-05-29 04:00:00,92.88868131868132,1.0,27.03901098901099,7.217142857142857,7.884835164835165,3.458571428571429,4.942527472527472,262.4476923076923
2024-05-29 05:00:00,92.8878021978022,1.0,27.04835164835165,7.228571428571429,7.884725274725275,3.464285714285714,4.920879120879121,262.4561538461538
2024-05-29 06:00:00,92.88692307692308,1.0,27.05769230769231,7.24,7.884615384615384,3.47,4.899230769230769,262.4646153846154
2024-05-29 07:00:00,92.88604395604396,1.0,27.06703296703297,7.251428571428571,7.884505494505494,3.475714285714286,4.877582417582418,262.4730769230769
2024-05-29 08:00:00,92.88516483516483,1.0,27.07637362637363,7.262857142857142,7.884395604395604,3.481428571428571,4.855934065934066,262.4815384615384
2024-05-29 09:00:00,92.88428571428571,1.0,27.08571428571429,7.274285714285714,7.884285714285714,3.487142857142857,4.834285714285715,262.49
2024-05-29 10:00:00,92.88340659340659,1.0,27.09505494505494,7.285714285714286,7.884175824175824,3.492857142857143,4.812637362637362,262.4984615384615
2024-05-29 11:00:00,92.88252747252747,1.0,27.10439560439561,7.297142857142857,7.884065934065934,3.498571428571429,4.790989010989011,262.5069230769231
2024-05-29 12:00:00,92.88164835164835,1.0,27.11373626373626,7.308571428571428,7.883956043956044,3.504285714285714,4.769340659340659,262.5153846153846
2024-05-29 13:00:00,92.88076923076923,1.0,27.12307692307692,7.319999999999999,7.883846153846154,3.51,4.747692307692308,262.5238461538461
2024-05-29 14:00:00,92.87989010989011,1.0,27.13241758241758,7.331428571428571,7.883736263736264,3.515714285714286,4.726043956043956,262.5323076923077
2024-05-29 15:00:00,92.879010989011,1.0,27.14175824175824,7.342857142857143,7.883626373626374,3.521428571428571,4.704395604395605,262.5407692307692
2024-05-29 16:00:00,92.87813186813187,1.0,27.1510989010989,7.354285714285714,7.883516483516483,3.527142857142857,4.682747252747253,262.5492307692307
2024-05-29 17:00:00,92.87725274725274,1.0,27.16043956043956,7.365714285714286,7.883406593406593,3.532857142857143,4.661098901098901,262.5576923076923
2024-05-29 18:00:00,92.87637362637362,1.0,27.16978021978022,7.377142857142857,7.883296703296703,3.538571428571429,4.639450549450549,262.5661538461538
2024-05-29 19:00:00,92.8754945054945,1.0,27.17912087912088,7.388571428571428,7.883186813186813,3.544285714285714,4.617802197802198,262.5746153846154
2024-05-29 20:00:00,92.87461538461538,1.0,27.18846153846154,7.399999999999999,7.883076923076923,3.55,4.596153846153847,262.5830769230769
2024-05-29 21:00:00,92.87373626373626,1.0,27.1978021978022,7.411428571428571,7.882967032967032,3.555714285714286,4.574505494505495,262.5915384615384
2024-05-29 22:00:00,92.87285714285714,1.0,27.20714285714286,7.422857142857143,7.882857142857143,3.561428571428571,4.552857142857142,262.6
2024-05-29 23:00:00,92.87197802197802,1.0,27.21648351648352,7.434285714285714,7.882747252747253,3.567142857142857,4.531208791208791,262.6084615384615
2024-05-30 00:00:00,92.8710989010989,1.0,27.22582417582418,7.445714285714286,7.882637362637363,3.572857142857143,4.50956043956044,262.6169230769231
2024-05-30 01:00:00,92.87021978021978,1.0,27.23516483516483,7.457142857142857,7.882527472527473,3.578571428571428,4.487912087912088,262.6253846153846
2024-05-30 02:00:00,92.86934065934065,1.0,27.24450549450549,7.468571428571428,7.882417582417582,3.584285714285714,4.466263736263736,262.6338461538462
2024-05-30 03:00:00,92.86846153846153,1.0,27.25384615384615,7.48,7.882307692307692,3.59,4.444615384615385,262.6423076923077
2024-05-30 04:00:00,92.86758241758241,1.0,27.26318681318681,7.491428571428571,7.882197802197802,3.595714285714286,4.422967032967033,262.6507692307692
2024-05-30 05:00:00,92.86670329670329,1.0,27.27252747252747,7.502857142857143,7.882087912087912,3.601428571428571,4.401318681318681,262.6592307692308
2024-05-30 06:00:00,92.86582417582417,1.0,27.28186813186813,7.514285714285714,7.881978021978022,3.607142857142857,4.37967032967033,262.6676923076923
2024-05-30 07:00:00,92.86494505494505,1.0,27.29120879120879,7.525714285714286,7.881868131868131,3.612857142857143,4.358021978021978,262.6761538461539
2024-05-30 08:00:00,92.86406593406593,1.0,27.30054945054945,7.537142857142856,7.881758241758241,3.618571428571428,4.336373626373627,262.6846153846154
2024-05-30 09:00:00,92.86318681318681,1.0,27.30989010989011,7.548571428571428,7.881648351648352,3.624285714285714,4.314725274725275,262.6930769230769
2024-05-30 10:00:00,92.8623076923077,1.0,27.31923076923077,7.56,7.881538461538462,3.63,4.293076923076923,262.7015384615385
2024-05-30 11:00:00,92.86142857142856,1.0,27.32857142857143,7.571428571428571,7.881428571428572,3.635714285714286,4.271428571428571,262.71
2024-05-30 12:00:00,92.86054945054944,1.0,27.33791208791209,7.582857142857143,7.881318681318681,3.641428571428571,4.24978021978022,262.7184615384616
2024-05-30 13:00:00,92.85967032967032,1.0,27.34725274725275,7.594285714285714,7.881208791208791,3.647142857142857,4.228131868131868,262.7269230769231
2024-05-30 14:00:00,92.8587912087912,1.0,27.3565934065934,7.605714285714285,7.881098901098901,3.652857142857143,4.206483516483517,262.7353846153846
2024-05-30 15:00:00,92.85791208791208,1.0,27.36593406593407,7.617142857142857,7.880989010989011,3.658571428571428,4.184835164835165,262.7438461538462
2024-05-30 16:00:00,92.85703296703296,1.0,27.37527472527472,7.628571428571428,7.880879120879121,3.664285714285714,4.163186813186813,262.7523076923077
2024-05-30 17:00:00,92.85615384615384,1.0,27.38461538461538,7.64,7.88076923076923,3.67,4.141538461538461,262.7607692307692
2024-05-30 18:00:00,92.85527472527473,1.0,27.39395604395605,7.651428571428571,7.88065934065934,3.675714285714286,4.11989010989011,262.7692307692308
2024-05-30 19:00:00,92.8543956043956,1.0,27.4032967032967,7.662857142857143,7.88054945054945,3.681428571428571,4.098241758241758,262.7776923076923
2024-05-30 20:00:00,92.85351648351647,1.0,27.41263736263736,7.674285714285714,7.880439560439561,3.687142857142857,4.076593406593407,262.7861538461539
2024-05-30 21:00:00,92.85263736263735,1.0,27.42197802197802,7.685714285714285,7.880329670329671,3.692857142857143,4.054945054945055,262.7946153846154
2024-05-30 22:00:00,92.85175824175823,1.0,27.43131868131868,7.697142857142857,7.88021978021978,3.698571428571428,4.033296703296704,262.8030769230769
2024-05-30 23:00:00,92.85087912087911,1.0,27.44065934065934,7.708571428571428,7.88010989010989,3.704285714285714,4.011648351648352,262.8115384615385
2024-05-31 00:00:00,92.85,1.0,27.45,7.72,7.88,3.71,3.99,262.82
2024-05-31 01:00:00,92.85,1.0,27.45,7.72,7.88,3.71,3.99,262.82
2024-05-31 02:00:00,92.85,1.0,27.45,7.72,7.88,3.71,3.99,262.82
2024-05-31 03:00:00,92.85,1.0,27.45,7.72,7.88,3.71,3.99,262.82
2024-05-31 04:00:00,92.85,1.0,27.45,7.72,7.88,3.71,3.99,262.82
2024-05-31 05:00:00,92.85,1.0,27.45,7.72,7.88,3.71,3.99,262.82
2024-05-31 06:00:00,92.85,1.0,27.45,7.72,7.88,3.71,3.99,262.82
2024-05-31 07:00:00,92.85,1.0,27.45,7.72,7.88,3.71,3.99,262.82
2024-05-31 08:00:00,92.85,1.0,27.45,7.72,7.88,3.71,3.99,262.82
2024-05-31 09:00:00,92.85,1.0,27.45,7.72,7.88,3.71,3.99,262.82
2024-05-31 10:00:00,92.85,1.0,27.45,7.72,7.88,3.71,3.99,262.82
2024-05-31 11:00:00,92.85,1.0,27.45,7.72,7.88,3.71,3.99,262.82
2024-05-31 12:00:00,92.85,1.0,27.45,7.72,7.88,3.71,3.99,262.82
2024-05-31 13:00:00,92.85,1.0,27.45,7.72,7.88,3.71,3.99,262.82
2024-05-31 14:00:00,92.85,1.0,27.45,7.72,7.88,3.71,3.99,262.82
2024-05-31 15:00:00,92.85,1.0,27.45,7.72,7.88,3.71,3.99,262.82
2024-05-31 16:00:00,92.85,1.0,27.45,7.72,7.88,3.71,3.99,262.82
2024-05-31 17:00:00,92.85,1.0,27.45,7.72,7.88,3.71,3.99,262.82
2024-05-31 18:00:00,92.85,1.0,27.45,7.72,7.88,3.71,3.99,262.82
2024-05-31 19:00:00,92.85,1.0,27.45,7.72,7.88,3.71,3.99,262.82
2024-05-31 20:00:00,92.85,1.0,27.45,7.72,7.88,3.71,3.99,262.82
2024-05-31 21:00:00,92.85,1.0,27.45,7.72,7.88,3.71,3.99,262.82
2024-05-31 22:00:00,92.85,1.0,27.45,7.72,7.88,3.71,3.99,262.82
2024-05-31 23:00:00,92.85,1.0,27.45,7.72,7.88,3.71,3.99,262.82
2024-06-01 00:00:00,92.85,1.0,27.45,7.72,7.88,3.71,3.99,262.82
2024-06-01 01:00:00,92.85,1.0,27.45,7.72,7.88,3.71,3.99,262.82
2024-06-01 02:00:00,92.85,1.0,27.45,7.72,7.88,3.71,3.99,262.82
2024-06-01 03:00:00,92.85,1.0,27.45,7.72,7.88,3.71,3.99,262.82
2024-06-01 04:00:00,92.85,1.0,27.45,7.72,7.88,3.71,3.99,262.82
2024-06-01 05:00:00,92.85,1.0,27.45,7.72,7.88,3.71,3.99,262.82
2024-06-01 06:00:00,92.85,1.0,27.45,7.72,7.88,3.71,3.99,262.82
2024-06-01 07:00:00,92.85,1.0,27.45,7.72,7.88,3.71,3.99,262.82
2024-06-01 08:00:00,92.85,1.0,27.45,7.72,7.88,3.71,3.99,262.82
2024-06-01 09:00:00,92.85,1.0,27.45,7.72,7.88,3.71,3.99,262.82
2024-06-01 10:00:00,92.85,1.0,27.45,7.72,7.88,3.71,3.99,262.82
2024-06-01 11:00:00,92.85,1.0,27.45,7.72,7.88,3.71,3.99,262.82
2024-06-01 12:00:00,92.85,1.0,27.45,7.72,7.88,3.71,3.99,262.82
2024-06-01 13:00:00,92.85,1.0,27.45,7.72,7.88,3.71,3.99,262.82
2024-06-01 14:00:00,92.85,1.0,27.45,7.72,7.88,3.71,3.99,262.82
2024-06-01 15:00:00,92.85,1.0,27.45,7.72,7.88,3.71,3.99,262.82
2024-06-01 16:00:00,92.85,1.0,27.45,7.72,7.88,3.71,3.99,262.82
2024-06-01 17:00:00,92.85,1.0,27.45,7.72,7.88,3.71,3.99,262.82
2024-06-01 18:00:00,92.85,1.0,27.45,7.72,7.88,3.71,3.99,262.82
2024-06-01 19:00:00,92.85,1.0,27.45,7.72,7.88,3.71,3.99,262.82
2024-06-01 20:00:00,92.85,1.0,27.45,7.72,7.88,3.71,3.99,262.82
2024-06-01 21:00:00,92.85,1.0,27.45,7.72,7.88,3.71,3.99,262.82
2024-06-01 22:00:00,92.85,1.0,27.45,7.72,7.88,3.71,3.99,262.82
2024-06-01 23:00:00,92.85,1.0,27.45,7.72,7.88,3.71,3.99,262.82
2024-06-02 00:00:00,92.85,1.0,27.45,7.72,7.88,3.71,3.99,262.82
2024-06-02 01:00:00,92.85,1.0,27.45,7.72,7.88,3.71,3.99,262.82
2024-06-02 02:00:00,92.85,1.0,27.45,7.72,7.88,3.71,3.99,262.82
2024-06-02 03:00:00,92.85,1.0,27.45,7.72,7.88,3.71,3.99,262.82
2024-06-02 04:00:00,92.85,1.0,27.45,7.72,7.88,3.71,3.99,262.82
2024-06-02 05:00:00,92.85,1.0,27.45,7.72,7.88,3.71,3.99,262.82
2024-06-02 06:00:00,92.85,1.0,27.45,7.72,7.88,3.71,3.99,262.82
2024-06-02 07:00:00,92.85,1.0,27.45,7.72,7.88,3.71,3.99,262.82
2024-06-02 08:00:00,92.85,1.0,27.45,7.72,7.88,3.71,3.99,262.82
2024-06-02 09:00:00,92.85,1.0,27.45,7.72,7.88,3.71,3.99,262.82
2024-06-02 10:00:00,92.85,1.0,27.45,7.72,7.88,3.71,3.99,262.82
2024-06-02 11:00:00,92.85,1.0,27.45,7.72,7.88,3.71,3.99,262.82
2024-06-02 12:00:00,92.85,1.0,27.45,7.72,7.88,3.71,3.99,262.82
2024-06-02 13:00:00,92.85,1.0,27.45,7.72,7.88,3.71,3.99,262.82
2024-06-02 14:00:00,92.85,1.0,27.45,7.72,7.88,3.71,3.99,262.82
2024-06-02 15:00:00,92.85,1.0,27.45,7.72,7.88,3.71,3.99,262.82
2024-06-02 16:00:00,92.85,1.0,27.45,7.72,7.88,3.71,3.99,262.82
2024-06-02 17:00:00,92.85,1.0,27.45,7.72,7.88,3.71,3.99,262.82
2024-06-02 18:00:00,92.85,1.0,27.45,7.72,7.88,3.71,3.99,262.82
2024-06-02 19:00:00,92.85,1.0,27.45,7.72,7.88,3.71,3.99,262.82
2024-06-02 20:00:00,92.85,1.0,27.45,7.72,7.88,3.71,3.99,262.82
2024-06-02 21:00:00,92.85,1.0,27.45,7.72,7.88,3.71,3.99,262.82
2024-06-02 22:00:00,92.85,1.0,27.45,7.72,7.88,3.71,3.99,262.82
2024-06-02 23:00:00,92.85,1.0,27.45,7.72,7.88,3.71,3.99,262.82
2024-06-03 00:00:00,92.85,1.0,27.45,7.72,7.88,3.71,3.99,262.82
2024-06-03 01:00:00,92.85,1.0,27.45,7.72,7.88,3.71,3.99,262.82
2024-06-03 02:00:00,92.85,1.0,27.45,7.72,7.88,3.71,3.99,262.82
2024-06-03 03:00:00,92.85,1.0,27.45,7.72,7.88,3.71,3.99,262.82
2024-06-03 04:00:00,92.85,1.0,27.45,7.72,7.88,3.71,3.99,262.82
2024-06-03 05:00:00,92.85,1.0,27.45,7.72,7.88,3.71,3.99,262.82
2024-06-03 06:00:00,92.85,1.0,27.45,7.72,7.88,3.71,3.99,262.82
2024-06-03 07:00:00,92.85,1.0,27.45,7.72,7.88,3.71,3.99,262.82
2024-06-03 08:00:00,92.85,1.0,27.45,7.72,7.88,3.71,3.99,262.82
2024-06-03 09:00:00,92.85,1.0,27.45,7.72,7.88,3.71,3.99,262.82
2024-06-03 10:00:00,92.85,1.0,27.45,7.72,7.88,3.71,3.99,262.82
2024-06-03 11:00:00,92.85,1.0,27.45,7.72,7.88,3.71,3.99,262.82
2024-06-03 12:00:00,92.85,1.0,27.45,7.72,7.88,3.71,3.99,262.82
2024-06-03 13:00:00,92.85,1.0,27.45,7.72,7.88,3.71,3.99,262.82
2024-06-03 14:00:00,92.85,1.0,27.45,7.72,7.88,3.71,3.99,262.82
2024-06-03 15:00:00,92.85,1.0,27.45,7.72,7.88,3.71,3.99,262.82
2024-06-03 16:00:00,92.85,1.0,27.45,7.72,7.88,3.71,3.99,262.82
2024-06-03 17:00:00,92.85,1.0,27.45,7.72,7.88,3.71,3.99,262.82
2024-06-03 18:00:00,92.85,1.0,27.45,7.72,7.88,3.71,3.99,262.82
2024-06-03 19:00:00,92.85,1.0,27.45,7.72,7.88,3.71,3.99,262.82
2024-06-03 20:00:00,92.85,1.0,27.45,7.72,7.88,3.71,3.99,262.82
2024-06-03 21:00:00,92.85,1.0,27.45,7.72,7.88,3.71,3.99,262.82
2024-06-03 22:00:00,92.85,1.0,27.45,7.72,7.88,3.71,3.99,262.82
2024-06-03 23:00:00,92.85,1.0,27.45,7.72,7.88,3.71,3.99,262.82
2024-06-04 00:00:00,92.85,1.0,27.45,7.72,7.88,3.71,3.99,262.82
2024-06-04 01:00:00,92.85,1.0,27.45,7.72,7.88,3.71,3.99,262.82
2024-06-04 02:00:00,92.85,1.0,27.45,7.72,7.88,3.71,3.99,262.82
2024-06-04 03:00:00,92.85,1.0,27.45,7.72,7.88,3.71,3.99,262.82
2024-06-04 04:00:00,92.85,1.0,27.45,7.72,7.88,3.71,3.99,262.82
2024-06-04 05:00:00,92.85,1.0,27.45,7.72,7.88,3.71,3.99,262.82
2024-06-04 06:00:00,92.85,1.0,27.45,7.72,7.88,3.71,3.99,262.82
2024-06-04 07:00:00,92.85,1.0,27.45,7.72,7.88,3.71,3.99,262.82
2024-06-04 08:00:00,92.85,1.0,27.45,7.72,7.88,3.71,3.99,262.82
2024-06-04 09:00:00,92.85,1.0,27.45,7.72,7.88,3.71,3.99,262.82
2024-06-04 10:00:00,92.85,1.0,27.45,7.72,7.88,3.71,3.99,262.82
2024-06-04 11:00:00,92.85,1.0,27.45,7.72,7.88,3.71,3.99,262.82
2024-06-04 12:00:00,92.85,1.0,27.45,7.72,7.88,3.71,3.99,262.82
2024-06-04 13:00:00,92.85,1.0,27.45,7.72,7.88,3.71,3.99,262.82
2024-06-04 14:00:00,92.85,1.0,27.45,7.72,7.88,3.71,3.99,262.82
2024-06-04 15:00:00,92.85,1.0,27.45,7.72,7.88,3.71,3.99,262.82
2024-06-04 16:00:00,92.85,1.0,27.45,7.72,7.88,3.71,3.99,262.82
2024-06-04 17:00:00,92.85,1.0,27.45,7.72,7.88,3.71,3.99,262.82
2024-06-04 18:00:00,92.85,1.0,27.45,7.72,7.88,3.71,3.99,262.82
2024-06-04 19:00:00,92.85,1.0,27.45,7.72,7.88,3.71,3.99,262.82
2024-06-04 20:00:00,92.85,1.0,27.45,7.72,7.88,3.71,3.99,262.82
2024-06-04 21:00:00,92.85,1.0,27.45,7.72,7.88,3.71,3.99,262.82
2024-06-04 22:00:00,92.85,1.0,27.45,7.72,7.88,3.71,3.99,262.82
2024-06-04 23:00:00,92.85,1.0,27.45,7.72,7.88,3.71,3.99,262.82
2024-06-05 00:00:00,92.85,1.0,27.45,7.72,7.88,3.71,3.99,262.82
2024-06-05 01:00:00,92.85,1.0,27.45,7.72,7.88,3.71,3.99,262.82
2024-06-05 02:00:00,92.85,1.0,27.45,7.72,7.88,3.71,3.99,262.82
2024-06-05 03:00:00,92.85,1.0,27.45,7.72,7.88,3.71,3.99,262.82
2024-06-05 04:00:00,92.85,1.0,27.45,7.72,7.88,3.71,3.99,262.82
2024-06-05 05:00:00,92.85,1.0,27.45,7.72,7.88,3.71,3.99,262.82
2024-06-05 06:00:00,92.85,1.0,27.45,7.72,7.88,3.71,3.99,262.82
2024-06-05 07:00:00,92.85,1.0,27.45,7.72,7.88,3.71,3.99,262.82
2024-06-05 08:00:00,92.85,1.0,27.45,7.72,7.88,3.71,3.99,262.82
2024-06-05 09:00:00,92.85,1.0,27.45,7.72,7.88,3.71,3.99,262.82
2024-06-05 10:00:00,92.85,1.0,27.45,7.72,7.88,3.71,3.99,262.82
2024-06-05 11:00:00,92.85,1.0,27.45,7.72,7.88,3.71,3.99,262.82
2024-06-05 12:00:00,92.85,1.0,27.45,7.72,7.88,3.71,3.99,262.82
2024-06-05 13:00:00,92.85,1.0,27.45,7.72,7.88,3.71,3.99,262.82
2024-06-05 14:00:00,92.85,1.0,27.45,7.72,7.88,3.71,3.99,262.82
2024-06-05 15:00:00,92.85,1.0,27.45,7.72,7.88,3.71,3.99,262.82
2024-06-05 16:00:00,92.85,1.0,27.45,7.72,7.88,3.71,3.99,262.82
2024-06-05 17:00:00,92.85,1.0,27.45,7.72,7.88,3.71,3.99,262.82
2024-06-05 18:00:00,92.85,1.0,27.45,7.72,7.88,3.71,3.99,262.82
2024-06-05 19:00:00,92.85,1.0,27.45,7.72,7.88,3.71,3.99,262.82
2024-06-05 20:00:00,92.85,1.0,27.45,7.72,7.88,3.71,3.99,262.82
2024-06-05 21:00:00,92.85,1.0,27.45,7.72,7.88,3.71,3.99,262.82
2024-06-05 22:00:00,92.85,1.0,27.45,7.72,7.88,3.71,3.99,262.82
2024-06-05 23:00:00,92.85,1.0,27.45,7.72,7.88,3.71,3.99,262.82
2024-06-06 00:00:00,92.85,1.0,27.45,7.72,7.88,3.71,3.99,262.82
2024-06-06 01:00:00,92.85,1.0,27.45,7.72,7.88,3.71,3.99,262.82
2024-06-06 02:00:00,92.85,1.0,27.45,7.72,7.88,3.71,3.99,262.82
2024-06-06 03:00:00,92.85,1.0,27.45,7.72,7.88,3.71,3.99,262.82
2024-06-06 04:00:00,92.85,1.0,27.45,7.72,7.88,3.71,3.99,262.82
2024-06-06 05:00:00,92.85,1.0,27.45,7.72,7.88,3.71,3.99,262.82
2024-06-06 06:00:00,92.85,1.0,27.45,7.72,7.88,3.71,3.99,262.82
2024-06-06 07:00:00,92.85,1.0,27.45,7.72,7.88,3.71,3.99,262.82
2024-06-06 08:00:00,92.85,1.0,27.45,7.72,7.88,3.71,3.99,262.82
2024-06-06 09:00:00,92.85,1.0,27.45,7.72,7.88,3.71,3.99,262.82
2024-06-06 10:00:00,92.85,1.0,27.45,7.72,7.88,3.71,3.99,262.82
2024-06-06 11:00:00,92.85,1.0,27.45,7.72,7.88,3.71,3.99,262.82
2024-06-06 12:00:00,92.85,1.0,27.45,7.72,7.88,3.71,3.99,262.82
2024-06-06 13:00:00,92.85,1.0,27.45,7.72,7.88,3.71,3.99,262.82
2024-06-06 14:00:00,92.85,1.0,27.45,7.72,7.88,3.71,3.99,262.82
2024-06-06 15:00:00,92.85,1.0,27.45,7.72,7.88,3.71,3.99,262.82
2024-06-06 16:00:00,92.85,1.0,27.45,7.72,7.88,3.71,3.99,262.82
2024-06-06 17:00:00,92.85,1.0,27.45,7.72,7.88,3.71,3.99,262.82
2024-06-06 18:00:00,92.85,1.0,27.45,7.72,7.88,3.71,3.99,262.82
2024-06-06 19:00:00,92.85,1.0,27.45,7.72,7.88,3.71,3.99,262.82
2024-06-06 20:00:00,92.85,1.0,27.45,7.72,7.88,3.71,3.99,262.82
2024-06-06 21:00:00,92.85,1.0,27.45,7.72,7.88,3.71,3.99,262.82
2024-06-06 22:00:00,92.85,1.0,27.45,7.72,7.88,3.71,3.99,262.82
2024-06-06 23:00:00,92.85,1.0,27.45,7.72,7.88,3.71,3.99,262.82
2024-06-07 00:00:00,92.85,1.0,27.45,7.72,7.88,3.71,3.99,262.82
2024-06-07 01:00:00,92.85,1.0,27.45,7.72,7.88,3.71,3.99,262.82
2024-06-07 02:00:00,92.85,1.0,27.45,7.72,7.88,3.71,3.99,262.82
2024-06-07 03:00:00,92.85,1.0,27.45,7.72,7.88,3.71,3.99,262.82
2024-06-07 04:00:00,92.85,1.0,27.45,7.72,7.88,3.71,3.99,262.82
2024-06-07 05:00:00,92.85,1.0,27.45,7.72,7.88,3.71,3.99,262.82
2024-06-07 06:00:00,92.85,1.0,27.45,7.72,7.88,3.71,3.99,262.82
2024-06-07 07:00:00,92.85,1.0,27.45,7.72,7.88,3.71,3.99,262.82
2024-06-07 08:00:00,92.85,1.0,27.45,7.72,7.88,3.71,3.99,262.82
2024-06-07 09:00:00,92.85,1.0,27.45,7.72,7.88,3.71,3.99,262.82
2024-06-07 10:00:00,92.85,1.0,27.45,7.72,7.88,3.71,3.99,262.82
2024-06-07 11:00:00,92.85,1.0,27.45,7.72,7.88,3.71,3.99,262.82
2024-06-07 12:00:00,92.85,1.0,27.45,7.72,7.88,3.71,3.99,262.82
2024-06-07 13:00:00,92.85,1.0,27.45,7.72,7.88,3.71,3.99,262.82
2024-06-07 14:00:00,92.85,1.0,27.45,7.72,7.88,3.71,3.99,262.82
2024-06-07 15:00:00,92.85,1.0,27.45,7.72,7.88,3.71,3.99,262.82
2024-06-07 16:00:00,92.85,1.0,27.45,7.72,7.88,3.71,3.99,262.82
2024-06-07 17:00:00,92.85,1.0,27.45,7.72,7.88,3.71,3.99,262.82
2024-06-07 18:00:00,92.85,1.0,27.45,7.72,7.88,3.71,3.99,262.82
2024-06-07 19:00:00,92.85,1.0,27.45,7.72,7.88,3.71,3.99,262.82
2024-06-07 20:00:00,92.85,1.0,27.45,7.72,7.88,3.71,3.99,262.82
2024-06-07 21:00:00,92.85,1.0,27.45,7.72,7.88,3.71,3.99,262.82
2024-06-07 22:00:00,92.85,1.0,27.45,7.72,7.88,3.71,3.99,262.82
2024-06-07 23:00:00,92.85,1.0,27.45,7.72,7.88,3.71,3.99,262.82
2024-06-08 00:00:00,92.85,1.0,27.45,7.72,7.88,3.71,3.99,262.82
2024-06-08 01:00:00,92.85,1.0,27.45,7.72,7.88,3.71,3.99,262.82
2024-06-08 02:00:00,92.85,1.0,27.45,7.72,7.88,3.71,3.99,262.82
2024-06-08 03:00:00,92.85,1.0,27.45,7.72,7.88,3.71,3.99,262.82
2024-06-08 04:00:00,92.85,1.0,27.45,7.72,7.88,3.71,3.99,262.82
2024-06-08 05:00:00,92.85,1.0,27.45,7.72,7.88,3.71,3.99,262.82
2024-06-08 06:00:00,92.85,1.0,27.45,7.72,7.88,3.71,3.99,262.82
2024-06-08 07:00:00,92.85,1.0,27.45,7.72,7.88,3.71,3.99,262.82
2024-06-08 08:00:00,92.85,1.0,27.45,7.72,7.88,3.71,3.99,262.82
2024-06-08 09:00:00,92.85,1.0,27.45,7.72,7.88,3.71,3.99,262.82
2024-06-08 10:00:00,92.85,1.0,27.45,7.72,7.88,3.71,3.99,262.82
2024-06-08 11:00:00,92.85,1.0,27.45,7.72,7.88,3.71,3.99,262.82
2024-06-08 12:00:00,92.85,1.0,27.45,7.72,7.88,3.71,3.99,262.82
2024-06-08 13:00:00,92.85,1.0,27.45,7.72,7.88,3.71,3.99,262.82
2024-06-08 14:00:00,92.85,1.0,27.45,7.72,7.88,3.71,3.99,262.82
2024-06-08 15:00:00,92.85,1.0,27.45,7.72,7.88,3.71,3.99,262.82
2024-06-08 16:00:00,92.85,1.0,27.45,7.72,7.88,3.71,3.99,262.82
2024-06-08 17:00:00,92.85,1.0,27.45,7.72,7.88,3.71,3.99,262.82
2024-06-08 18:00:00,92.85,1.0,27.45,7.72,7.88,3.71,3.99,262.82
2024-06-08 19:00:00,92.85,1.0,27.45,7.72,7.88,3.71,3.99,262.82
2024-06-08 20:00:00,92.85,1.0,27.45,7.72,7.88,3.71,3.99,262.82
2024-06-08 21:00:00,92.85,1.0,27.45,7.72,7.88,3.71,3.99,262.82
2024-06-08 22:00:00,92.85,1.0,27.45,7.72,7.88,3.71,3.99,262.82
2024-06-08 23:00:00,92.85,1.0,27.45,7.72,7.88,3.71,3.99,262.82
2024-06-09 00:00:00,92.85,1.0,27.45,7.72,7.88,3.71,3.99,262.82
2024-06-09 01:00:00,92.85,1.0,27.45,7.72,7.88,3.71,3.99,262.82
2024-06-09 02:00:00,92.85,1.0,27.45,7.72,7.88,3.71,3.99,262.82
2024-06-09 03:00:00,92.85,1.0,27.45,7.72,7.88,3.71,3.99,262.82
2024-06-09 04:00:00,92.85,1.0,27.45,7.72,7.88,3.71,3.99,262.82
2024-06-09 05:00:00,92.85,1.0,27.45,7.72,7.88,3.71,3.99,262.82
2024-06-09 06:00:00,92.85,1.0,27.45,7.72,7.88,3.71,3.99,262.82
2024-06-09 07:00:00,92.85,1.0,27.45,7.72,7.88,3.71,3.99,262.82
2024-06-09 08:00:00,92.85,1.0,27.45,7.72,7.88,3.71,3.99,262.82
2024-06-09 09:00:00,92.85,1.0,27.45,7.72,7.88,3.71,3.99,262.82
2024-06-09 10:00:00,92.85,1.0,27.45,7.72,7.88,3.71,3.99,262.82
2024-06-09 11:00:00,92.85,1.0,27.45,7.72,7.88,3.71,3.99,262.82
2024-06-09 12:00:00,92.85,1.0,27.45,7.72,7.88,3.71,3.99,262.82
2024-06-09 13:00:00,92.85,1.0,27.45,7.72,7.88,3.71,3.99,262.82
2024-06-09 14:00:00,92.85,1.0,27.45,7.72,7.88,3.71,3.99,262.82
2024-06-09 15:00:00,92.85,1.0,27.45,7.72,7.88,3.71,3.99,262.82
2024-06-09 16:00:00,92.85,1.0,27.45,7.72,7.88,3.71,3.99,262.82
2024-06-09 17:00:00,92.85,1.0,27.45,7.72,7.88,3.71,3.99,262.82
2024-06-09 18:00:00,92.85,1.0,27.45,7.72,7.88,3.71,3.99,262.82
2024-06-09 19:00:00,92.85,1.0,27.45,7.72,7.88,3.71,3.99,262.82
2024-06-09 20:00:00,92.85,1.0,27.45,7.72,7.88,3.71,3.99,262.82
2024-06-09 21:00:00,92.85,1.0,27.45,7.72,7.88,3.71,3.99,262.82
2024-06-09 22:00:00,92.85,1.0,27.45,7.72,7.88,3.71,3.99,262.82
2024-06-09 23:00:00,92.85,1.0,27.45,7.72,7.88,3.71,3.99,262.82
2024-06-10 00:00:00,92.85,1.0,27.45,7.72,7.88,3.71,3.99,262.82
2024-06-10 01:00:00,92.85,1.0,27.45,7.72,7.88,3.71,3.99,262.82
2024-06-10 02:00:00,92.85,1.0,27.45,7.72,7.88,3.71,3.99,262.82
2024-06-10 03:00:00,92.85,1.0,27.45,7.72,7.88,3.71,3.99,262.82
2024-06-10 04:00:00,92.85,1.0,27.45,7.72,7.88,3.71,3.99,262.82
2024-06-10 05:00:00,92.85,1.0,27.45,7.72,7.88,3.71,3.99,262.82
2024-06-10 06:00:00,92.85,1.0,27.45,7.72,7.88,3.71,3.99,262.82
2024-06-10 07:00:00,92.85,1.0,27.45,7.72,7.88,3.71,3.99,262.82
2024-06-10 08:00:00,92.85,1.0,27.45,7.72,7.88,3.71,3.99,262.82
2024-06-10 09:00:00,92.85,1.0,27.45,7.72,7.88,3.71,3.99,262.82
2024-06-10 10:00:00,92.85,1.0,27.45,7.72,7.88,3.71,3.99,262.82
2024-06-10 11:00:00,92.85,1.0,27.45,7.72,7.88,3.71,3.99,262.82
2024-06-10 12:00:00,92.85,1.0,27.45,7.72,7.88,3.71,3.99,262.82
2024-06-10 13:00:00,92.85,1.0,27.45,7.72,7.88,3.71,3.99,262.82
2024-06-10 14:00:00,92.85,1.0,27.45,7.72,7.88,3.71,3.99,262.82
2024-06-10 15:00:00,92.85,1.0,27.45,7.72,7.88,3.71,3.99,262.82
2024-06-10 16:00:00,92.85,1.0,27.45,7.72,7.88,3.71,3.99,262.82
2024-06-10 17:00:00,92.85,1.0,27.45,7.72,7.88,3.71,3.99,262.82
2024-06-10 18:00:00,92.85,1.0,27.45,7.72,7.88,3.71,3.99,262.82
2024-06-10 19:00:00,92.85,1.0,27.45,7.72,7.88,3.71,3.99,262.82
2024-06-10 20:00:00,92.85,1.0,27.45,7.72,7.88,3.71,3.99,262.82
2024-06-10 21:00:00,92.85,1.0,27.45,7.72,7.88,3.71,3.99,262.82
2024-06-10 22:00:00,92.85,1.0,27.45,7.72,7.88,3.71,3.99,262.82
2024-06-10 23:00:00,92.85,1.0,27.45,7.72,7.88,3.71,3.99,262.82
2024-06-11 00:00:00,92.85,1.0,27.45,7.72,7.88,3.71,3.99,262.82
2024-06-11 01:00:00,92.85,1.0,27.45,7.72,7.88,3.71,3.99,262.82
2024-06-11 02:00:00,92.85,1.0,27.45,7.72,7.88,3.71,3.99,262.82
2024-06-11 03:00:00,92.85,1.0,27.45,7.72,7.88,3.71,3.99,262.82
2024-06-11 04:00:00,92.85,1.0,27.45,7.72,7.88,3.71,3.99,262.82
2024-06-11 05:00:00,92.85,1.0,27.45,7.72,7.88,3.71,3.99,262.82
2024-06-11 06:00:00,92.85,1.0,27.45,7.72,7.88,3.71,3.99,262.82
2024-06-11 07:00:00,92.85,1.0,27.45,7.72,7.88,3.71,3.99,262.82
2024-06-11 08:00:00,92.85,1.0,27.45,7.72,7.88,3.71,3.99,262.82
2024-06-11 09:00:00,92.85,1.0,27.45,7.72,7.88,3.71,3.99,262.82
2024-06-11 10:00:00,92.85,1.0,27.45,7.72,7.88,3.71,3.99,262.82
2024-06-11 11:00:00,92.85,1.0,27.45,7.72,7.88,3.71,3.99,262.82
2024-06-11 12:00:00,92.85,1.0,27.45,7.72,7.88,3.71,3.99,262.82
2024-06-11 13:00:00,92.85,1.0,27.45,7.72,7.88,3.71,3.99,262.82
2024-06-11 14:00:00,92.85,1.0,27.45,7.72,7.88,3.71,3.99,262.82
2024-06-11 15:00:00,92.85,1.0,27.45,7.72,7.88,3.71,3.99,262.82
2024-06-11 16:00:00,92.85,1.0,27.45,7.72,7.88,3.71,3.99,262.82
2024-06-11 17:00:00,92.85,1.0,27.45,7.72,7.88,3.71,3.99,262.82
2024-06-11 18:00:00,92.85,1.0,27.45,7.72,7.88,3.71,3.99,262.82
2024-06-11 19:00:00,92.85,1.0,27.45,7.72,7.88,3.71,3.99,262.82
2024-06-11 20:00:00,92.85,1.0,27.45,7.72,7.88,3.71,3.99,262.82
2024-06-11 21:00:00,92.85,1.0,27.45,7.72,7.88,3.71,3.99,262.82
2024-06-11 22:00:00,92.85,1.0,27.45,7.72,7.88,3.71,3.99,262.82
2024-06-11 23:00:00,92.85,1.0,27.45,7.72,7.88,3.71,3.99,262.82
2024-06-12 00:00:00,92.85,1.0,27.45,7.72,7.88,3.71,3.99,262.82
2024-06-12 01:00:00,92.85,1.0,27.45,7.72,7.88,3.71,3.99,262.82
2024-06-12 02:00:00,92.85,1.0,27.45,7.72,7.88,3.71,3.99,262.82
2024-06-12 03:00:00,92.85,1.0,27.45,7.72,7.88,3.71,3.99,262.82
2024-06-12 04:00:00,92.85,1.0,27.45,7.72,7.88,3.71,3.99,262.82
2024-06-12 05:00:00,92.85,1.0,27.45,7.72,7.88,3.71,3.99,262.82
2024-06-12 06:00:00,92.85,1.0,27.45,7.72,7.88,3.71,3.99,262.82
2024-06-12 07:00:00,92.85,1.0,27.45,7.72,7.88,3.71,3.99,262.82
2024-06-12 08:00:00,92.85,1.0,27.45,7.72,7.88,3.71,3.99,262.82
2024-06-12 09:00:00,92.85,1.0,27.45,7.72,7.88,3.71,3.99,262.82
2024-06-12 10:00:00,92.85,1.0,27.45,7.72,7.88,3.71,3.99,262.82
2024-06-12 11:00:00,92.85,1.0,27.45,7.72,7.88,3.71,3.99,262.82
2024-06-12 12:00:00,92.85,1.0,27.45,7.72,7.88,3.71,3.99,262.82
2024-06-12 13:00:00,92.85,1.0,27.45,7.72,7.88,3.71,3.99,262.82
2024-06-12 14:00:00,92.85,1.0,27.45,7.72,7.88,3.71,3.99,262.82
2024-06-12 15:00:00,92.85,1.0,27.45,7.72,7.88,3.71,3.99,262.82
2024-06-12 16:00:00,92.85,1.0,27.45,7.72,7.88,3.71,3.99,262.82
2024-06-12 17:00:00,92.85,1.0,27.45,7.72,7.88,3.71,3.99,262.82
2024-06-12 18:00:00,92.85,1.0,27.45,7.72,7.88,3.71,3.99,262.82
2024-06-12 19:00:00,92.85,1.0,27.45,7.72,7.88,3.71,3.99,262.82
2024-06-12 20:00:00,92.85,1.0,27.45,7.72,7.88,3.71,3.99,262.82
2024-06-12 21:00:00,92.85,1.0,27.45,7.72,7.88,3.71,3.99,262.82
2024-06-12 22:00:00,92.85,1.0,27.45,7.72,7.88,3.71,3.99,262.82
2024-06-12 23:00:00,92.85,1.0,27.45,7.72,7.88,3.71,3.99,262.82
2024-06-13 00:00:00,92.85,1.0,27.45,7.72,7.88,3.71,3.99,262.82
2024-06-13 01:00:00,92.85,1.0,27.45,7.72,7.88,3.71,3.99,262.82
2024-06-13 02:00:00,92.85,1.0,27.45,7.72,7.88,3.71,3.99,262.82
2024-06-13 03:00:00,92.85,1.0,27.45,7.72,7.88,3.71,3.99,262.82
2024-06-13 04:00:00,92.85,1.0,27.45,7.72,7.88,3.71,3.99,262.82
2024-06-13 05:00:00,92.85,1.0,27.45,7.72,7.88,3.71,3.99,262.82
2024-06-13 06:00:00,92.85,1.0,27.45,7.72,7.88,3.71,3.99,262.82
2024-06-13 07:00:00,92.85,1.0,27.45,7.72,7.88,3.71,3.99,262.82
2024-06-13 08:00:00,92.85,1.0,27.45,7.72,7.88,3.71,3.99,262.82
2024-06-13 09:00:00,92.85,1.0,27.45,7.72,7.88,3.71,3.99,262.82
2024-06-13 10:00:00,92.85,1.0,27.45,7.72,7.88,3.71,3.99,262.82
2024-06-13 11:00:00,92.85,1.0,27.45,7.72,7.88,3.71,3.99,262.82
2024-06-13 12:00:00,92.85,1.0,27.45,7.72,7.88,3.71,3.99,262.82
2024-06-13 13:00:00,92.85,1.0,27.45,7.72,7.88,3.71,3.99,262.82
2024-06-13 14:00:00,92.85,1.0,27.45,7.72,7.88,3.71,3.99,262.82
2024-06-13 15:00:00,92.85,1.0,27.45,7.72,7.88,3.71,3.99,262.82
2024-06-13 16:00:00,92.85,1.0,27.45,7.72,7.88,3.71,3.99,262.82
2024-06-13 17:00:00,92.85,1.0,27.45,7.72,7.88,3.71,3.99,262.82
2024-06-13 18:00:00,92.85,1.0,27.45,7.72,7.88,3.71,3.99,262.82
2024-06-13 19:00:00,92.85,1.0,27.45,7.72,7.88,3.71,3.99,262.82
2024-06-13 20:00:00,92.85,1.0,27.45,7.72,7.88,3.71,3.99,262.82
2024-06-13 21:00:00,92.85,1.0,27.45,7.72,7.88,3.71,3.99,262.82
2024-06-13 22:00:00,92.85,1.0,27.45,7.72,7.88,3.71,3.99,262.82
2024-06-13 23:00:00,92.85,1.0,27.45,7.72,7.88,3.71,3.99,262.82
2024-06-14 00:00:00,92.85,1.0,27.45,7.72,7.88,3.71,3.99,262.82
2024-06-14 01:00:00,92.85,1.0,27.45,7.72,7.88,3.71,3.99,262.82
2024-06-14 02:00:00,92.85,1.0,27.45,7.72,7.88,3.71,3.99,262.82
2024-06-14 03:00:00,92.85,1.0,27.45,7.72,7.88,3.71,3.99,262.82
2024-06-14 04:00:00,92.85,1.0,27.45,7.72,7.88,3.71,3.99,262.82
2024-06-14 05:00:00,92.85,1.0,27.45,7.72,7.88,3.71,3.99,262.82
2024-06-14 06:00:00,92.85,1.0,27.45,7.72,7.88,3.71,3.99,262.82
2024-06-14 07:00:00,92.85,1.0,27.45,7.72,7.88,3.71,3.99,262.82
2024-06-14 08:00:00,92.85,1.0,27.45,7.72,7.88,3.71,3.99,262.82
2024-06-14 09:00:00,92.85,1.0,27.45,7.72,7.88,3.71,3.99,262.82
2024-06-14 10:00:00,92.85,1.0,27.45,7.72,7.88,3.71,3.99,262.82
2024-06-14 11:00:00,92.85,1.0,27.45,7.72,7.88,3.71,3.99,262.82
2024-06-14 12:00:00,92.85,1.0,27.45,7.72,7.88,3.71,3.99,262.82
2024-06-14 13:00:00,92.85,1.0,27.45,7.72,7.88,3.71,3.99,262.82
2024-06-14 14:00:00,92.85,1.0,27.45,7.72,7.88,3.71,3.99,262.82
2024-06-14 15:00:00,92.85,1.0,27.45,7.72,7.88,3.71,3.99,262.82
2024-06-14 16:00:00,92.85,1.0,27.45,7.72,7.88,3.71,3.99,262.82
2024-06-14 17:00:00,92.85,1.0,27.45,7.72,7.88,3.71,3.99,262.82
2024-06-14 18:00:00,92.85,1.0,27.45,7.72,7.88,3.71,3.99,262.82
2024-06-14 19:00:00,92.85,1.0,27.45,7.72,7.88,3.71,3.99,262.82
2024-06-14 20:00:00,92.85,1.0,27.45,7.72,7.88,3.71,3.99,262.82
2024-06-14 21:00:00,92.85,1.0,27.45,7.72,7.88,3.71,3.99,262.82
2024-06-14 22:00:00,92.85,1.0,27.45,7.72,7.88,3.71,3.99,262.82
2024-06-14 23:00:00,92.85,1.0,27.45,7.72,7.88,3.71,3.99,262.82
2024-06-15 00:00:00,92.85,1.0,27.45,7.72,7.88,3.71,3.99,262.82
2024-06-15 01:00:00,92.85,1.0,27.45,7.72,7.88,3.71,3.99,262.82
2024-06-15 02:00:00,92.85,1.0,27.45,7.72,7.88,3.71,3.99,262.82
2024-06-15 03:00:00,92.85,1.0,27.45,7.72,7.88,3.71,3.99,262.82
2024-06-15 04:00:00,92.85,1.0,27.45,7.72,7.88,3.71,3.99,262.82
2024-06-15 05:00:00,92.85,1.0,27.45,7.72,7.88,3.71,3.99,262.82
2024-06-15 06:00:00,92.85,1.0,27.45,7.72,7.88,3.71,3.99,262.82
2024-06-15 07:00:00,92.85,1.0,27.45,7.72,7.88,3.71,3.99,262.82
2024-06-15 08:00:00,92.85,1.0,27.45,7.72,7.88,3.71,3.99,262.82
2024-06-15 09:00:00,92.85,1.0,27.45,7.72,7.88,3.71,3.99,262.82
2024-06-15 10:00:00,92.85,1.0,27.45,7.72,7.88,3.71,3.99,262.82
2024-06-15 11:00:00,92.85,1.0,27.45,7.72,7.88,3.71,3.99,262.82
2024-06-15 12:00:00,92.85,1.0,27.45,7.72,7.88,3.71,3.99,262.82
2024-06-15 13:00:00,92.85,1.0,27.45,7.72,7.88,3.71,3.99,262.82
2024-06-15 14:00:00,92.85,1.0,27.45,7.72,7.88,3.71,3.99,262.82
2024-06-15 15:00:00,92.85,1.0,27.45,7.72,7.88,3.71,3.99,262.82
2024-06-15 16:00:00,92.85,1.0,27.45,7.72,7.88,3.71,3.99,262.82
2024-06-15 17:00:00,92.85,1.0,27.45,7.72,7.88,3.71,3.99,262.82
2024-06-15 18:00:00,92.85,1.0,27.45,7.72,7.88,3.71,3.99,262.82
2024-06-15 19:00:00,92.85,1.0,27.45,7.72,7.88,3.71,3.99,262.82
2024-06-15 20:00:00,92.85,1.0,27.45,7.72,7.88,3.71,3.99,262.82
2024-06-15 21:00:00,92.85,1.0,27.45,7.72,7.88,3.71,3.99,262.82
2024-06-15 22:00:00,92.85,1.0,27.45,7.72,7.88,3.71,3.99,262.82
2024-06-15 23:00:00,92.85,1.0,27.45,7.72,7.88,3.71,3.99,262.82
2024-06-16 00:00:00,92.85,1.0,27.45,7.72,7.88,3.71,3.99,262.82
2024-06-16 01:00:00,92.85,1.0,27.45,7.72,7.88,3.71,3.99,262.82
2024-06-16 02:00:00,92.85,1.0,27.45,7.72,7.88,3.71,3.99,262.82
2024-06-16 03:00:00,92.85,1.0,27.45,7.72,7.88,3.71,3.99,262.82
2024-06-16 04:00:00,92.85,1.0,27.45,7.72,7.88,3.71,3.99,262.82
2024-06-16 05:00:00,92.85,1.0,27.45,7.72,7.88,3.71,3.99,262.82
2024-06-16 06:00:00,92.85,1.0,27.45,7.72,7.88,3.71,3.99,262.82
2024-06-16 07:00:00,92.85,1.0,27.45,7.72,7.88,3.71,3.99,262.82
2024-06-16 08:00:00,92.85,1.0,27.45,7.72,7.88,3.71,3.99,262.82
2024-06-16 09:00:00,92.85,1.0,27.45,7.72,7.88,3.71,3.99,262.82
2024-06-16 10:00:00,92.85,1.0,27.45,7.72,7.88,3.71,3.99,262.82
2024-06-16 11:00:00,92.85,1.0,27.45,7.72,7.88,3.71,3.99,262.82
2024-06-16 12:00:00,92.85,1.0,27.45,7.72,7.88,3.71,3.99,262.82
2024-06-16 13:00:00,92.85,1.0,27.45,7.72,7.88,3.71,3.99,262.82
2024-06-16 14:00:00,92.85,1.0,27.45,7.72,7.88,3.71,3.99,262.82
2024-06-16 15:00:00,92.85,1.0,27.45,7.72,7.88,3.71,3.99,262.82
2024-06-16 16:00:00,92.85,1.0,27.45,7.72,7.88,3.71,3.99,262.82
2024-06-16 17:00:00,92.85,1.0,27.45,7.72,7.88,3.71,3.99,262.82
2024-06-16 18:00:00,92.85,1.0,27.45,7.72,7.88,3.71,3.99,262.82
2024-06-16 19:00:00,92.85,1.0,27.45,7.72,7.88,3.71,3.99,262.82
2024-06-16 20:00:00,92.85,1.0,27.45,7.72,7.88,3.71,3.99,262.82
2024-06-16 21:00:00,92.85,1.0,27.45,7.72,7.88,3.71,3.99,262.82
2024-06-16 22:00:00,92.85,1.0,27.45,7.72,7.88,3.71,3.99,262.82
2024-06-16 23:00:00,92.85,1.0,27.45,7.72,7.88,3.71,3.99,262.82
2024-06-17 00:00:00,92.85,1.0,27.45,7.72,7.88,3.71,3.99,262.82
2024-06-17 01:00:00,92.85,1.0,27.45,7.72,7.88,3.71,3.99,262.82
2024-06-17 02:00:00,92.85,1.0,27.45,7.72,7.88,3.71,3.99,262.82
2024-06-17 03:00:00,92.85,1.0,27.45,7.72,7.88,3.71,3.99,262.82
2024-06-17 04:00:00,92.85,1.0,27.45,7.72,7.88,3.71,3.99,262.82
2024-06-17 05:00:00,92.85,1.0,27.45,7.72,7.88,3.71,3.99,262.82
2024-06-17 06:00:00,92.85,1.0,27.45,7.72,7.88,3.71,3.99,262.82
2024-06-17 07:00:00,92.85,1.0,27.45,7.72,7.88,3.71,3.99,262.82
2024-06-17 08:00:00,92.85,1.0,27.45,7.72,7.88,3.71,3.99,262.82
2024-06-17 09:00:00,92.85,1.0,27.45,7.72,7.88,3.71,3.99,262.82
2024-06-17 10:00:00,92.85,1.0,27.45,7.72,7.88,3.71,3.99,262.82
2024-06-17 11:00:00,92.85,1.0,27.45,7.72,7.88,3.71,3.99,262.82
2024-06-17 12:00:00,92.85,1.0,27.45,7.72,7.88,3.71,3.99,262.82
2024-06-17 13:00:00,92.85,1.0,27.45,7.72,7.88,3.71,3.99,262.82
2024-06-17 14:00:00,92.85,1.0,27.45,7.72,7.88,3.71,3.99,262.82
2024-06-17 15:00:00,92.85,1.0,27.45,7.72,7.88,3.71,3.99,262.82
2024-06-17 16:00:00,92.85,1.0,27.45,7.72,7.88,3.71,3.99,262.82
2024-06-17 17:00:00,92.85,1.0,27.45,7.72,7.88,3.71,3.99,262.82
2024-06-17 18:00:00,92.85,1.0,27.45,7.72,7.88,3.71,3.99,262.82
2024-06-17 19:00:00,92.85,1.0,27.45,7.72,7.88,3.71,3.99,262.82
2024-06-17 20:00:00,92.85,1.0,27.45,7.72,7.88,3.71,3.99,262.82
2024-06-17 21:00:00,92.85,1.0,27.45,7.72,7.88,3.71,3.99,262.82
2024-06-17 22:00:00,92.85,1.0,27.45,7.72,7.88,3.71,3.99,262.82
2024-06-17 23:00:00,92.85,1.0,27.45,7.72,7.88,3.71,3.99,262.82
2024-06-18 00:00:00,92.85,1.0,27.45,7.72,7.88,3.71,3.99,262.82
2024-06-18 01:00:00,92.85,1.0,27.45,7.72,7.88,3.71,3.99,262.82
2024-06-18 02:00:00,92.85,1.0,27.45,7.72,7.88,3.71,3.99,262.82
2024-06-18 03:00:00,92.85,1.0,27.45,7.72,7.88,3.71,3.99,262.82
2024-06-18 04:00:00,92.85,1.0,27.45,7.72,7.88,3.71,3.99,262.82
2024-06-18 05:00:00,92.85,1.0,27.45,7.72,7.88,3.71,3.99,262.82
2024-06-18 06:00:00,92.85,1.0,27.45,7.72,7.88,3.71,3.99,262.82
2024-06-18 07:00:00,92.85,1.0,27.45,7.72,7.88,3.71,3.99,262.82
2024-06-18 08:00:00,92.85,1.0,27.45,7.72,7.88,3.71,3.99,262.82
2024-06-18 09:00:00,92.85,1.0,27.45,7.72,7.88,3.71,3.99,262.82
2024-06-18 10:00:00,92.85,1.0,27.45,7.72,7.88,3.71,3.99,262.82
2024-06-18 11:00:00,92.85,1.0,27.45,7.72,7.88,3.71,3.99,262.82
2024-06-18 12:00:00,92.85,1.0,27.45,7.72,7.88,3.71,3.99,262.82
2024-06-18 13:00:00,92.85,1.0,27.45,7.72,7.88,3.71,3.99,262.82
2024-06-18 14:00:00,92.85,1.0,27.45,7.72,7.88,3.71,3.99,262.82
2024-06-18 15:00:00,92.85,1.0,27.45,7.72,7.88,3.71,3.99,262.82
2024-06-18 16:00:00,92.85,1.0,27.45,7.72,7.88,3.71,3.99,262.82
2024-06-18 17:00:00,92.85,1.0,27.45,7.72,7.88,3.71,3.99,262.82
2024-06-18 18:00:00,92.85,1.0,27.45,7.72,7.88,3.71,3.99,262.82
2024-06-18 19:00:00,92.85,1.0,27.45,7.72,7.88,3.71,3.99,262.82
2024-06-18 20:00:00,92.85,1.0,27.45,7.72,7.88,3.71,3.99,262.82
2024-06-18 21:00:00,92.85,1.0,27.45,7.72,7.88,3.71,3.99,262.82
2024-06-18 22:00:00,92.85,1.0,27.45,7.72,7.88,3.71,3.99,262.82
2024-06-18 23:00:00,92.85,1.0,27.45,7.72,7.88,3.71,3.99,262.82
2024-06-19 00:00:00,92.85,1.0,27.45,7.72,7.88,3.71,3.99,262.82
2024-06-19 01:00:00,92.85,1.0,27.45,7.72,7.88,3.71,3.99,262.82
2024-06-19 02:00:00,92.85,1.0,27.45,7.72,7.88,3.71,3.99,262.82
2024-06-19 03:00:00,92.85,1.0,27.45,7.72,7.88,3.71,3.99,262.82
2024-06-19 04:00:00,92.85,1.0,27.45,7.72,7.88,3.71,3.99,262.82
2024-06-19 05:00:00,92.85,1.0,27.45,7.72,7.88,3.71,3.99,262.82
2024-06-19 06:00:00,92.85,1.0,27.45,7.72,7.88,3.71,3.99,262.82
2024-06-19 07:00:00,92.85,1.0,27.45,7.72,7.88,3.71,3.99,262.82
2024-06-19 08:00:00,92.85,1.0,27.45,7.72,7.88,3.71,3.99,262.82
2024-06-19 09:00:00,92.85,1.0,27.45,7.72,7.88,3.71,3.99,262.82
2024-06-19 10:00:00,92.85,1.0,27.45,7.72,7.88,3.71,3.99,262.82
2024-06-19 11:00:00,92.85,1.0,27.45,7.72,7.88,3.71,3.99,262.82
2024-06-19 12:00:00,92.85,1.0,27.45,7.72,7.88,3.71,3.99,262.82
2024-06-19 13:00:00,92.85,1.0,27.45,7.72,7.88,3.71,3.99,262.82
2024-06-19 14:00:00,92.85,1.0,27.45,7.72,7.88,3.71,3.99,262.82
2024-06-19 15:00:00,92.85,1.0,27.45,7.72,7.88,3.71,3.99,262.82
2024-06-19 16:00:00,92.85,1.0,27.45,7.72,7.88,3.71,3.99,262.82
2024-06-19 17:00:00,92.85,1.0,27.45,7.72,7.88,3.71,3.99,262.82
2024-06-19 18:00:00,92.85,1.0,27.45,7.72,7.88,3.71,3.99,262.82
2024-06-19 19:00:00,92.85,1.0,27.45,7.72,7.88,3.71,3.99,262.82
2024-06-19 20:00:00,92.85,1.0,27.45,7.72,7.88,3.71,3.99,262.82
2024-06-19 21:00:00,92.85,1.0,27.45,7.72,7.88,3.71,3.99,262.82
2024-06-19 22:00:00,92.85,1.0,27.45,7.72,7.88,3.71,3.99,262.82
2024-06-19 23:00:00,92.85,1.0,27.45,7.72,7.88,3.71,3.99,262.82
2024-06-20 00:00:00,92.85,1.0,27.45,7.72,7.88,3.71,3.99,262.82
2024-06-20 01:00:00,92.85,1.0,27.45,7.72,7.88,3.71,3.99,262.82
2024-06-20 02:00:00,92.85,1.0,27.45,7.72,7.88,3.71,3.99,262.82
2024-06-20 03:00:00,92.85,1.0,27.45,7.72,7.88,3.71,3.99,262.82
2024-06-20 04:00:00,92.85,1.0,27.45,7.72,7.88,3.71,3.99,262.82
2024-06-20 05:00:00,92.85,1.0,27.45,7.72,7.88,3.71,3.99,262.82
2024-06-20 06:00:00,92.85,1.0,27.45,7.72,7.88,3.71,3.99,262.82
2024-06-20 07:00:00,92.85,1.0,27.45,7.72,7.88,3.71,3.99,262.82
2024-06-20 08:00:00,92.85,1.0,27.45,7.72,7.88,3.71,3.99,262.82
2024-06-20 09:00:00,92.85,1.0,27.45,7.72,7.88,3.71,3.99,262.82
2024-06-20 10:00:00,92.85,1.0,27.45,7.72,7.88,3.71,3.99,262.82
2024-06-20 11:00:00,92.85,1.0,27.45,7.72,7.88,3.71,3.99,262.82
2024-06-20 12:00:00,92.85,1.0,27.45,7.72,7.88,3.71,3.99,262.82
2024-06-20 13:00:00,92.85,1.0,27.45,7.72,7.88,3.71,3.99,262.82
2024-06-20 14:00:00,92.85,1.0,27.45,7.72,7.88,3.71,3.99,262.82
2024-06-20 15:00:00,92.85,1.0,27.45,7.72,7.88,3.71,3.99,262.82
2024-06-20 16:00:00,92.85,1.0,27.45,7.72,7.88,3.71,3.99,262.82
2024-06-20 17:00:00,92.85,1.0,27.45,7.72,7.88,3.71,3.99,262.82
2024-06-20 18:00:00,92.85,1.0,27.45,7.72,7.88,3.71,3.99,262.82
2024-06-20 19:00:00,92.85,1.0,27.45,7.72,7.88,3.71,3.99,262.82
2024-06-20 20:00:00,92.85,1.0,27.45,7.72,7.88,3.71,3.99,262.82
2024-06-20 21:00:00,92.85,1.0,27.45,7.72,7.88,3.71,3.99,262.82
2024-06-20 22:00:00,92.85,1.0,27.45,7.72,7.88,3.71,3.99,262.82
2024-06-20 23:00:00,92.85,1.0,27.45,7.72,7.88,3.71,3.99,262.82
2024-06-21 00:00:00,92.85,1.0,27.45,7.72,7.88,3.71,3.99,262.82
2024-06-21 01:00:00,92.85,1.0,27.45,7.72,7.88,3.71,3.99,262.82
2024-06-21 02:00:00,92.85,1.0,27.45,7.72,7.88,3.71,3.99,262.82
2024-06-21 03:00:00,92.85,1.0,27.45,7.72,7.88,3.71,3.99,262.82
2024-06-21 04:00:00,92.85,1.0,27.45,7.72,7.88,3.71,3.99,262.82
2024-06-21 05:00:00,92.85,1.0,27.45,7.72,7.88,3.71,3.99,262.82
2024-06-21 06:00:00,92.85,1.0,27.45,7.72,7.88,3.71,3.99,262.82
2024-06-21 07:00:00,92.85,1.0,27.45,7.72,7.88,3.71,3.99,262.82
2024-06-21 08:00:00,92.85,1.0,27.45,7.72,7.88,3.71,3.99,262.82
2024-06-21 09:00:00,92.85,1.0,27.45,7.72,7.88,3.71,3.99,262.82
2024-06-21 10:00:00,92.85,1.0,27.45,7.72,7.88,3.71,3.99,262.82
2024-06-21 11:00:00,92.85,1.0,27.45,7.72,7.88,3.71,3.99,262.82
2024-06-21 12:00:00,92.85,1.0,27.45,7.72,7.88,3.71,3.99,262.82
2024-06-21 13:00:00,92.85,1.0,27.45,7.72,7.88,3.71,3.99,262.82
2024-06-21 14:00:00,92.85,1.0,27.45,7.72,7.88,3.71,3.99,262.82
2024-06-21 15:00:00,92.85,1.0,27.45,7.72,7.88,3.71,3.99,262.82
2024-06-21 16:00:00,92.85,1.0,27.45,7.72,7.88,3.71,3.99,262.82
2024-06-21 17:00:00,92.85,1.0,27.45,7.72,7.88,3.71,3.99,262.82
2024-06-21 18:00:00,92.85,1.0,27.45,7.72,7.88,3.71,3.99,262.82
2024-06-21 19:00:00,92.85,1.0,27.45,7.72,7.88,3.71,3.99,262.82
2024-06-21 20:00:00,92.85,1.0,27.45,7.72,7.88,3.71,3.99,262.82
2024-06-21 21:00:00,92.85,1.0,27.45,7.72,7.88,3.71,3.99,262.82
2024-06-21 22:00:00,92.85,1.0,27.45,7.72,7.88,3.71,3.99,262.82
2024-06-21 23:00:00,92.85,1.0,27.45,7.72,7.88,3.71,3.99,262.82
2024-06-22 00:00:00,92.85,1.0,27.45,7.72,7.88,3.71,3.99,262.82
2024-06-22 01:00:00,92.85,1.0,27.45,7.72,7.88,3.71,3.99,262.82
2024-06-22 02:00:00,92.85,1.0,27.45,7.72,7.88,3.71,3.99,262.82
2024-06-22 03:00:00,92.85,1.0,27.45,7.72,7.88,3.71,3.99,262.82
2024-06-22 04:00:00,92.85,1.0,27.45,7.72,7.88,3.71,3.99,262.82
2024-06-22 05:00:00,92.85,1.0,27.45,7.72,7.88,3.71,3.99,262.82
2024-06-22 06:00:00,92.85,1.0,27.45,7.72,7.88,3.71,3.99,262.82
2024-06-22 07:00:00,92.85,1.0,27.45,7.72,7.88,3.71,3.99,262.82
2024-06-22 08:00:00,92.85,1.0,27.45,7.72,7.88,3.71,3.99,262.82
2024-06-22 09:00:00,92.85,1.0,27.45,7.72,7.88,3.71,3.99,262.82
2024-06-22 10:00:00,92.85,1.0,27.45,7.72,7.88,3.71,3.99,262.82
2024-06-22 11:00:00,92.85,1.0,27.45,7.72,7.88,3.71,3.99,262.82
2024-06-22 12:00:00,92.85,1.0,27.45,7.72,7.88,3.71,3.99,262.82
2024-06-22 13:00:00,92.85,1.0,27.45,7.72,7.88,3.71,3.99,262.82
2024-06-22 14:00:00,92.85,1.0,27.45,7.72,7.88,3.71,3.99,262.82
2024-06-22 15:00:00,92.85,1.0,27.45,7.72,7.88,3.71,3.99,262.82
2024-06-22 16:00:00,92.85,1.0,27.45,7.72,7.88,3.71,3.99,262.82
2024-06-22 17:00:00,92.85,1.0,27.45,7.72,7.88,3.71,3.99,262.82
2024-06-22 18:00:00,92.85,1.0,27.45,7.72,7.88,3.71,3.99,262.82
2024-06-22 19:00:00,92.85,1.0,27.45,7.72,7.88,3.71,3.99,262.82
2024-06-22 20:00:00,92.85,1.0,27.45,7.72,7.88,3.71,3.99,262.82
2024-06-22 21:00:00,92.85,1.0,27.45,7.72,7.88,3.71,3.99,262.82
2024-06-22 22:00:00,92.85,1.0,27.45,7.72,7.88,3.71,3.99,262.82
2024-06-22 23:00:00,92.85,1.0,27.45,7.72,7.88,3.71,3.99,262.82
2024-06-23 00:00:00,92.85,1.0,27.45,7.72,7.88,3.71,3.99,262.82
2024-06-23 01:00:00,92.85,1.0,27.45,7.72,7.88,3.71,3.99,262.82
2024-06-23 02:00:00,92.85,1.0,27.45,7.72,7.88,3.71,3.99,262.82
2024-06-23 03:00:00,92.85,1.0,27.45,7.72,7.88,3.71,3.99,262.82
2024-06-23 04:00:00,92.85,1.0,27.45,7.72,7.88,3.71,3.99,262.82
2024-06-23 05:00:00,92.85,1.0,27.45,7.72,7.88,3.71,3.99,262.82
2024-06-23 06:00:00,92.85,1.0,27.45,7.72,7.88,3.71,3.99,262.82
2024-06-23 07:00:00,92.85,1.0,27.45,7.72,7.88,3.71,3.99,262.82
2024-06-23 08:00:00,92.85,1.0,27.45,7.72,7.88,3.71,3.99,262.82
2024-06-23 09:00:00,92.85,1.0,27.45,7.72,7.88,3.71,3.99,262.82
2024-06-23 10:00:00,92.85,1.0,27.45,7.72,7.88,3.71,3.99,262.82
2024-06-23 11:00:00,92.85,1.0,27.45,7.72,7.88,3.71,3.99,262.82
2024-06-23 12:00:00,92.85,1.0,27.45,7.72,7.88,3.71,3.99,262.82
2024-06-23 13:00:00,92.85,1.0,27.45,7.72,7.88,3.71,3.99,262.82
2024-06-23 14:00:00,92.85,1.0,27.45,7.72,7.88,3.71,3.99,262.82
2024-06-23 15:00:00,92.85,1.0,27.45,7.72,7.88,3.71,3.99,262.82
2024-06-23 16:00:00,92.85,1.0,27.45,7.72,7.88,3.71,3.99,262.82
2024-06-23 17:00:00,92.85,1.0,27.45,7.72,7.88,3.71,3.99,262.82
2024-06-23 18:00:00,92.85,1.0,27.45,7.72,7.88,3.71,3.99,262.82
2024-06-23 19:00:00,92.85,1.0,27.45,7.72,7.88,3.71,3.99,262.82
2024-06-23 20:00:00,92.85,1.0,27.45,7.72,7.88,3.71,3.99,262.82
2024-06-23 21:00:00,92.85,1.0,27.45,7.72,7.88,3.71,3.99,262.82
2024-06-23 22:00:00,92.85,1.0,27.45,7.72,7.88,3.71,3.99,262.82
2024-06-23 23:00:00,92.85,1.0,27.45,7.72,7.88,3.71,3.99,262.82
2024-06-24 00:00:00,92.85,1.0,27.45,7.72,7.88,3.71,3.99,262.82
2024-06-24 01:00:00,92.85,1.0,27.45,7.72,7.88,3.71,3.99,262.82
2024-06-24 02:00:00,92.85,1.0,27.45,7.72,7.88,3.71,3.99,262.82
2024-06-24 03:00:00,92.85,1.0,27.45,7.72,7.88,3.71,3.99,262.82
2024-06-24 04:00:00,92.85,1.0,27.45,7.72,7.88,3.71,3.99,262.82
2024-06-24 05:00:00,92.85,1.0,27.45,7.72,7.88,3.71,3.99,262.82
2024-06-24 06:00:00,92.85,1.0,27.45,7.72,7.88,3.71,3.99,262.82
2024-06-24 07:00:00,92.85,1.0,27.45,7.72,7.88,3.71,3.99,262.82
2024-06-24 08:00:00,92.85,1.0,27.45,7.72,7.88,3.71,3.99,262.82
2024-06-24 09:00:00,92.85,1.0,27.45,7.72,7.88,3.71,3.99,262.82
2024-06-24 10:00:00,92.85,1.0,27.45,7.72,7.88,3.71,3.99,262.82
2024-06-24 11:00:00,92.85,1.0,27.45,7.72,7.88,3.71,3.99,262.82
2024-06-24 12:00:00,92.85,1.0,27.45,7.72,7.88,3.71,3.99,262.82
2024-06-24 13:00:00,92.85,1.0,27.45,7.72,7.88,3.71,3.99,262.82
2024-06-24 14:00:00,92.85,1.0,27.45,7.72,7.88,3.71,3.99,262.82
2024-06-24 15:00:00,92.85,1.0,27.45,7.72,7.88,3.71,3.99,262.82
2024-06-24 16:00:00,92.85,1.0,27.45,7.72,7.88,3.71,3.99,262.82
2024-06-24 17:00:00,92.85,1.0,27.45,7.72,7.88,3.71,3.99,262.82
2024-06-24 18:00:00,92.85,1.0,27.45,7.72,7.88,3.71,3.99,262.82
2024-06-24 19:00:00,92.85,1.0,27.45,7.72,7.88,3.71,3.99,262.82
2024-06-24 20:00:00,92.85,1.0,27.45,7.72,7.88,3.71,3.99,262.82
2024-06-24 21:00:00,92.85,1.0,27.45,7.72,7.88,3.71,3.99,262.82
2024-06-24 22:00:00,92.85,1.0,27.45,7.72,7.88,3.71,3.99,262.82
2024-06-24 23:00:00,92.85,1.0,27.45,7.72,7.88,3.71,3.99,262.82
2024-06-25 00:00:00,92.85,1.0,27.45,7.72,7.88,3.71,3.99,262.82
2024-06-25 01:00:00,92.85,1.0,27.45,7.72,7.88,3.71,3.99,262.82
2024-06-25 02:00:00,92.85,1.0,27.45,7.72,7.88,3.71,3.99,262.82
2024-06-25 03:00:00,92.85,1.0,27.45,7.72,7.88,3.71,3.99,262.82
2024-06-25 04:00:00,92.85,1.0,27.45,7.72,7.88,3.71,3.99,262.82
2024-06-25 05:00:00,92.85,1.0,27.45,7.72,7.88,3.71,3.99,262.82
2024-06-25 06:00:00,92.85,1.0,27.45,7.72,7.88,3.71,3.99,262.82
2024-06-25 07:00:00,92.85,1.0,27.45,7.72,7.88,3.71,3.99,262.82
2024-06-25 08:00:00,92.85,1.0,27.45,7.72,7.88,3.71,3.99,262.82
2024-06-25 09:00:00,92.85,1.0,27.45,7.72,7.88,3.71,3.99,262.82
2024-06-25 10:00:00,92.85,1.0,27.45,7.72,7.88,3.71,3.99,262.82
2024-06-25 11:00:00,92.85,1.0,27.45,7.72,7.88,3.71,3.99,262.82
2024-06-25 12:00:00,92.85,1.0,27.45,7.72,7.88,3.71,3.99,262.82
2024-06-25 13:00:00,92.85,1.0,27.45,7.72,7.88,3.71,3.99,262.82
2024-06-25 14:00:00,92.85,1.0,27.45,7.72,7.88,3.71,3.99,262.82
2024-06-25 15:00:00,92.85,1.0,27.45,7.72,7.88,3.71,3.99,262.82
2024-06-25 16:00:00,92.85,1.0,27.45,7.72,7.88,3.71,3.99,262.82
2024-06-25 17:00:00,92.85,1.0,27.45,7.72,7.88,3.71,3.99,262.82
2024-06-25 18:00:00,92.85,1.0,27.45,7.72,7.88,3.71,3.99,262.82
2024-06-25 19:00:00,92.85,1.0,27.45,7.72,7.88,3.71,3.99,262.82
2024-06-25 20:00:00,92.85,1.0,27.45,7.72,7.88,3.71,3.99,262.82
2024-06-25 21:00:00,92.85,1.0,27.45,7.72,7.88,3.71,3.99,262.82
2024-06-25 22:00:00,92.85,1.0,27.45,7.72,7.88,3.71,3.99,262.82
2024-06-25 23:00:00,92.85,1.0,27.45,7.72,7.88,3.71,3.99,262.82
2024-06-26 00:00:00,92.85,1.0,27.45,7.72,7.88,3.71,3.99,262.82
2024-06-26 01:00:00,92.85,1.0,27.45,7.72,7.88,3.71,3.99,262.82
2024-06-26 02:00:00,92.85,1.0,27.45,7.72,7.88,3.71,3.99,262.82
2024-06-26 03:00:00,92.85,1.0,27.45,7.72,7.88,3.71,3.99,262.82
2024-06-26 04:00:00,92.85,1.0,27.45,7.72,7.88,3.71,3.99,262.82
2024-06-26 05:00:00,92.85,1.0,27.45,7.72,7.88,3.71,3.99,262.82
2024-06-26 06:00:00,92.85,1.0,27.45,7.72,7.88,3.71,3.99,262.82
2024-06-26 07:00:00,92.85,1.0,27.45,7.72,7.88,3.71,3.99,262.82
2024-06-26 08:00:00,92.85,1.0,27.45,7.72,7.88,3.71,3.99,262.82
2024-06-26 09:00:00,92.85,1.0,27.45,7.72,7.88,3.71,3.99,262.82
2024-06-26 10:00:00,92.85,1.0,27.45,7.72,7.88,3.71,3.99,262.82
2024-06-26 11:00:00,92.85,1.0,27.45,7.72,7.88,3.71,3.99,262.82
2024-06-26 12:00:00,92.85,1.0,27.45,7.72,7.88,3.71,3.99,262.82
2024-06-26 13:00:00,92.85,1.0,27.45,7.72,7.88,3.71,3.99,262.82
2024-06-26 14:00:00,92.85,1.0,27.45,7.72,7.88,3.71,3.99,262.82
2024-06-26 15:00:00,92.85,1.0,27.45,7.72,7.88,3.71,3.99,262.82
2024-06-26 16:00:00,92.85,1.0,27.45,7.72,7.88,3.71,3.99,262.82
2024-06-26 17:00:00,92.85,1.0,27.45,7.72,7.88,3.71,3.99,262.82
2024-06-26 18:00:00,92.85,1.0,27.45,7.72,7.88,3.71,3.99,262.82
2024-06-26 19:00:00,92.85,1.0,27.45,7.72,7.88,3.71,3.99,262.82
2024-06-26 20:00:00,92.85,1.0,27.45,7.72,7.88,3.71,3.99,262.82
2024-06-26 21:00:00,92.85,1.0,27.45,7.72,7.88,3.71,3.99,262.82
2024-06-26 22:00:00,92.85,1.0,27.45,7.72,7.88,3.71,3.99,262.82
2024-06-26 23:00:00,92.85,1.0,27.45,7.72,7.88,3.71,3.99,262.82
2024-06-27 00:00:00,92.85,1.0,27.45,7.72,7.88,3.71,3.99,262.82
2024-06-27 01:00:00,92.85,1.0,27.45,7.72,7.88,3.71,3.99,262.82
2024-06-27 02:00:00,92.85,1.0,27.45,7.72,7.88,3.71,3.99,262.82
2024-06-27 03:00:00,92.85,1.0,27.45,7.72,7.88,3.71,3.99,262.82
2024-06-27 04:00:00,92.85,1.0,27.45,7.72,7.88,3.71,3.99,262.82
2024-06-27 05:00:00,92.85,1.0,27.45,7.72,7.88,3.71,3.99,262.82
2024-06-27 06:00:00,92.85,1.0,27.45,7.72,7.88,3.71,3.99,262.82
2024-06-27 07:00:00,92.85,1.0,27.45,7.72,7.88,3.71,3.99,262.82
2024-06-27 08:00:00,92.85,1.0,27.45,7.72,7.88,3.71,3.99,262.82
2024-06-27 09:00:00,92.85,1.0,27.45,7.72,7.88,3.71,3.99,262.82
2024-06-27 10:00:00,92.85,1.0,27.45,7.72,7.88,3.71,3.99,262.82
2024-06-27 11:00:00,92.85,1.0,27.45,7.72,7.88,3.71,3.99,262.82
2024-06-27 12:00:00,92.85,1.0,27.45,7.72,7.88,3.71,3.99,262.82
2024-06-27 13:00:00,92.85,1.0,27.45,7.72,7.88,3.71,3.99,262.82
2024-06-27 14:00:00,92.85,1.0,27.45,7.72,7.88,3.71,3.99,262.82
2024-06-27 15:00:00,92.85,1.0,27.45,7.72,7.88,3.71,3.99,262.82
2024-06-27 16:00:00,92.85,1.0,27.45,7.72,7.88,3.71,3.99,262.82
2024-06-27 17:00:00,92.85,1.0,27.45,7.72,7.88,3.71,3.99,262.82
2024-06-27 18:00:00,92.85,1.0,27.45,7.72,7.88,3.71,3.99,262.82
2024-06-27 19:00:00,92.85,1.0,27.45,7.72,7.88,3.71,3.99,262.82
2024-06-27 20:00:00,92.85,1.0,27.45,7.72,7.88,3.71,3.99,262.82
2024-06-27 21:00:00,92.85,1.0,27.45,7.72,7.88,3.71,3.99,262.82
2024-06-27 22:00:00,92.85,1.0,27.45,7.72,7.88,3.71,3.99,262.82
2024-06-27 23:00:00,92.85,1.0,27.45,7.72,7.88,3.71,3.99,262.82
2024-06-28 00:00:00,92.85,1.0,27.45,7.72,7.88,3.71,3.99,262.82
2024-06-28 01:00:00,92.85,1.0,27.45,7.72,7.88,3.71,3.99,262.82
2024-06-28 02:00:00,92.85,1.0,27.45,7.72,7.88,3.71,3.99,262.82
2024-06-28 03:00:00,92.85,1.0,27.45,7.72,7.88,3.71,3.99,262.82
2024-06-28 04:00:00,92.85,1.0,27.45,7.72,7.88,3.71,3.99,262.82
2024-06-28 05:00:00,92.85,1.0,27.45,7.72,7.88,3.71,3.99,262.82
2024-06-28 06:00:00,92.85,1.0,27.45,7.72,7.88,3.71,3.99,262.82
2024-06-28 07:00:00,92.85,1.0,27.45,7.72,7.88,3.71,3.99,262.82
2024-06-28 08:00:00,92.85,1.0,27.45,7.72,7.88,3.71,3.99,262.82
2024-06-28 09:00:00,92.85,1.0,27.45,7.72,7.88,3.71,3.99,262.82
2024-06-28 10:00:00,92.85,1.0,27.45,7.72,7.88,3.71,3.99,262.82
2024-06-28 11:00:00,92.85,1.0,27.45,7.72,7.88,3.71,3.99,262.82
2024-06-28 12:00:00,92.85,1.0,27.45,7.72,7.88,3.71,3.99,262.82
2024-06-28 13:00:00,92.85,1.0,27.45,7.72,7.88,3.71,3.99,262.82
2024-06-28 14:00:00,92.85,1.0,27.45,7.72,7.88,3.71,3.99,262.82
2024-06-28 15:00:00,92.85,1.0,27.45,7.72,7.88,3.71,3.99,262.82
2024-06-28 16:00:00,92.85,1.0,27.45,7.72,7.88,3.71,3.99,262.82
2024-06-28 17:00:00,92.85,1.0,27.45,7.72,7.88,3.71,3.99,262.82
2024-06-28 18:00:00,92.85,1.0,27.45,7.72,7.88,3.71,3.99,262.82
2024-06-28 19:00:00,92.85,1.0,27.45,7.72,7.88,3.71,3.99,262.82
2024-06-28 20:00:00,92.85,1.0,27.45,7.72,7.88,3.71,3.99,262.82
2024-06-28 21:00:00,92.85,1.0,27.45,7.72,7.88,3.71,3.99,262.82
2024-06-28 22:00:00,92.85,1.0,27.45,7.72,7.88,3.71,3.99,262.82
2024-06-28 23:00:00,92.85,1.0,27.45,7.72,7.88,3.71,3.99,262.82
2024-06-29 00:00:00,92.85,1.0,27.45,7.72,7.88,3.71,3.99,262.82
2024-06-29 01:00:00,92.85,1.0,27.45,7.72,7.88,3.71,3.99,262.82
2024-06-29 02:00:00,92.85,1.0,27.45,7.72,7.88,3.71,3.99,262.82
2024-06-29 03:00:00,92.85,1.0,27.45,7.72,7.88,3.71,3.99,262.82
2024-06-29 04:00:00,92.85,1.0,27.45,7.72,7.88,3.71,3.99,262.82
2024-06-29 05:00:00,92.85,1.0,27.45,7.72,7.88,3.71,3.99,262.82
2024-06-29 06:00:00,92.85,1.0,27.45,7.72,7.88,3.71,3.99,262.82
2024-06-29 07:00:00,92.85,1.0,27.45,7.72,7.88,3.71,3.99,262.82
2024-06-29 08:00:00,92.85,1.0,27.45,7.72,7.88,3.71,3.99,262.82
2024-06-29 09:00:00,92.85,1.0,27.45,7.72,7.88,3.71,3.99,262.82
2024-06-29 10:00:00,92.85,1.0,27.45,7.72,7.88,3.71,3.99,262.82
2024-06-29 11:00:00,92.85,1.0,27.45,7.72,7.88,3.71,3.99,262.82
2024-06-29 12:00:00,92.85,1.0,27.45,7.72,7.88,3.71,3.99,262.82
2024-06-29 13:00:00,92.85,1.0,27.45,7.72,7.88,3.71,3.99,262.82
2024-06-29 14:00:00,92.85,1.0,27.45,7.72,7.88,3.71,3.99,262.82
2024-06-29 15:00:00,92.85,1.0,27.45,7.72,7.88,3.71,3.99,262.82
2024-06-29 16:00:00,92.85,1.0,27.45,7.72,7.88,3.71,3.99,262.82
2024-06-29 17:00:00,92.85,1.0,27.45,7.72,7.88,3.71,3.99,262.82
2024-06-29 18:00:00,92.85,1.0,27.45,7.72,7.88,3.71,3.99,262.82
2024-06-29 19:00:00,92.85,1.0,27.45,7.72,7.88,3.71,3.99,262.82
2024-06-29 20:00:00,92.85,1.0,27.45,7.72,7.88,3.71,3.99,262.82
2024-06-29 21:00:00,92.85,1.0,27.45,7.72,7.88,3.71,3.99,262.82
2024-06-29 22:00:00,92.85,1.0,27.45,7.72,7.88,3.71,3.99,262.82
2024-06-29 23:00:00,92.85,1.0,27.45,7.72,7.88,3.71,3.99,262.82
2024-06-30 00:00:00,92.85,1.0,27.45,7.72,7.88,3.71,3.99,262.82
2024-06-30 01:00:00,92.85,1.0,27.45,7.72,7.88,3.71,3.99,262.82
2024-06-30 02:00:00,92.85,1.0,27.45,7.72,7.88,3.71,3.99,262.82
2024-06-30 03:00:00,92.85,1.0,27.45,7.72,7.88,3.71,3.99,262.82
2024-06-30 04:00:00,92.85,1.0,27.45,7.72,7.88,3.71,3.99,262.82
2024-06-30 05:00:00,92.85,1.0,27.45,7.72,7.88,3.71,3.99,262.82
2024-06-30 06:00:00,92.85,1.0,27.45,7.72,7.88,3.71,3.99,262.82
2024-06-30 07:00:00,92.85,1.0,27.45,7.72,7.88,3.71,3.99,262.82
2024-06-30 08:00:00,92.85,1.0,27.45,7.72,7.88,3.71,3.99,262.82
2024-06-30 09:00:00,92.85,1.0,27.45,7.72,7.88,3.71,3.99,262.82
2024-06-30 10:00:00,92.85,1.0,27.45,7.72,7.88,3.71,3.99,262.82
2024-06-30 11:00:00,92.85,1.0,27.45,7.72,7.88,3.71,3.99,262.82
2024-06-30 12:00:00,92.85,1.0,27.45,7.72,7.88,3.71,3.99,262.82
2024-06-30 13:00:00,92.85,1.0,27.45,7.72,7.88,3.71,3.99,262.82
2024-06-30 14:00:00,92.85,1.0,27.45,7.72,7.88,3.71,3.99,262.82
2024-06-30 15:00:00,92.85,1.0,27.45,7.72,7.88,3.71,3.99,262.82
2024-06-30 16:00:00,92.85,1.0,27.45,7.72,7.88,3.71,3.99,262.82
2024-06-30 17:00:00,92.85,1.0,27.45,7.72,7.88,3.71,3.99,262.82
2024-06-30 18:00:00,92.85,1.0,27.45,7.72,7.88,3.71,3.99,262.82
2024-06-30 19:00:00,92.85,1.0,27.45,7.72,7.88,3.71,3.99,262.82
2024-06-30 20:00:00,92.85,1.0,27.45,7.72,7.88,3.71,3.99,262.82
2024-06-30 21:00:00,92.85,1.0,27.45,7.72,7.88,3.71,3.99,262.82
2024-06-30 22:00:00,92.85,1.0,27.45,7.72,7.88,3.71,3.99,262.82
2024-06-30 23:00:00,92.85,1.0,27.45,7.72,7.88,3.71,3.99,262.82
2024-07-01 00:00:00,92.85,1.0,27.45,7.72,7.88,3.71,3.99,262.82
2024-07-01 01:00:00,92.85,1.0,27.45,7.72,7.88,3.71,3.99,262.82
2024-07-01 02:00:00,92.85,1.0,27.45,7.72,7.88,3.71,3.99,262.82
2024-07-01 03:00:00,92.85,1.0,27.45,7.72,7.88,3.71,3.99,262.82
2024-07-01 04:00:00,92.85,1.0,27.45,7.72,7.88,3.71,3.99,262.82
2024-07-01 05:00:00,92.85,1.0,27.45,7.72,7.88,3.71,3.99,262.82
2024-07-01 06:00:00,92.85,1.0,27.45,7.72,7.88,3.71,3.99,262.82
2024-07-01 07:00:00,92.85,1.0,27.45,7.72,7.88,3.71,3.99,262.82
2024-07-01 08:00:00,92.85,1.0,27.45,7.72,7.88,3.71,3.99,262.82
2024-07-01 09:00:00,92.85,1.0,27.45,7.72,7.88,3.71,3.99,262.82
2024-07-01 10:00:00,92.85,1.0,27.45,7.72,7.88,3.71,3.99,262.82
2024-07-01 11:00:00,92.85,1.0,27.45,7.72,7.88,3.71,3.99,262.82
2024-07-01 12:00:00,92.85,1.0,27.45,7.72,7.88,3.71,3.99,262.82
2024-07-01 13:00:00,92.85,1.0,27.45,7.72,7.88,3.71,3.99,262.82
2024-07-01 14:00:00,92.85,1.0,27.45,7.72,7.88,3.71,3.99,262.82
