Datetime,Survival Rate (%),Disease Occurrence (Cases),Temperature (°C),Dissolved Oxygen (mg/L),pH,Turbidity (NTU),Precipitation (inches),Average Fish Weight (g)
2024-02-28 00:00:00,93.05,1.0,26.5,6.47,7.34,2.79,0.2,278.1
2024-02-28 01:00:00,93.05,1.0,26.5,6.47,7.34,2.79,0.2,278.1
2024-02-28 02:00:00,93.05,1.0,26.5,6.47,7.34,2.79,0.2,278.1
2024-02-28 03:00:00,93.05,1.0,26.5,6.47,7.34,2.79,0.2,278.1
2024-02-28 04:00:00,93.05,1.0,26.5,6.47,7.34,2.79,0.2,278.1
2024-02-28 05:00:00,93.05,1.0,26.5,6.47,7.34,2.79,0.2,278.1
2024-02-28 06:00:00,93.22105263157894,1.0,26.59736842105263,6.544736842105263,7.373157894736842,2.79,0.2278947368421053,278.5421052631579
2024-02-28 07:00:00,93.39210526315789,1.0,26.69473684210526,6.619473684210526,7.406315789473684,2.79,0.2557894736842106,278.9842105263158
2024-02-28 08:00:00,93.56315789473683,1.0,26.7921052631579,6.694210526315789,7.439473684210526,2.79,0.2836842105263158,279.4263157894737
2024-02-28 09:00:00,93.73421052631579,1.0,26.88947368421053,6.768947368421053,7.472631578947368,2.79,0.3115789473684211,279.8684210526316
2024-02-28 10:00:00,93.90526315789474,1.0,26.98684210526316,6.843684210526315,7.50578947368421,2.79,0.3394736842105263,280.3105263157895
2024-02-28 11:00:00,94.07631578947368,1.0,27.08421052631579,6.918421052631579,7.538947368421052,2.79,0.3673684210526316,280.7526315789474
2024-02-28 12:00:00,94.24736842105263,1.0,27.18157894736842,6.993157894736842,7.572105263157894,2.79,0.3952631578947369,281.1947368421053
2024-02-28 13:00:00,94.41842105263157,1.0,27.27894736842105,7.067894736842105,7.605263157894736,2.79,0.4231578947368421,281.6368421052632
2024-02-28 14:00:00,94.58947368421052,1.0,27.37631578947369,7.142631578947368,7.638421052631578,2.79,0.4510526315789474,282.078947368421
2024-02-28 15:00:00,94.76052631578948,1.0,27.47368421052632,7.217368421052631,7.671578947368421,2.79,0.4789473684210526,282.521052631579
2024-02-28 16:00:00,94.93157894736842,1.0,27.57105263157895,7.292105263157895,7.704736842105263,2.79,0.506842105263158,282.9631578947369
2024-02-28 17:00:00,95.10263157894737,1.0,27.66842105263158,7.366842105263157,7.737894736842105,2.79,0.5347368421052632,283.4052631578948
2024-02-28 18:00:00,95.27368421052631,1.0,27.76578947368421,7.441578947368421,7.771052631578947,2.79,0.5626315789473684,283.8473684210526
2024-02-28 19:00:00,95.44473684210526,1.0,27.86315789473684,7.516315789473683,7.804210526315789,2.79,0.5905263157894738,284.2894736842105
2024-02-28 20:00:00,95.6157894736842,1.0,27.96052631578948,7.591052631578947,7.837368421052632,2.79,0.618421052631579,284.7315789473684
2024-02-28 21:00:00,95.78684210526316,1.0,28.05789473684211,7.66578947368421,7.870526315789474,2.79,0.6463157894736842,285.1736842105263
2024-02-28 22:00:00,95.9578947368421,1.0,28.15526315789474,7.740526315789474,7.903684210526316,2.79,0.6742105263157895,285.6157894736842
2024-02-28 23:00:00,96.12894736842105,1.0,28.25263157894737,7.815263157894737,7.936842105263158,2.79,0.7021052631578948,286.0578947368421
2024-02-29 00:00:00,96.3,1.0,28.35,7.89,7.97,2.79,0.73,286.5
2024-02-29 01:00:00,96.3,1.0,28.35,7.89,7.97,2.79,0.73,286.5
2024-02-29 02:00:00,96.3,1.0,28.35,7.89,7.97,2.79,0.73,286.5
2024-02-29 03:00:00,96.3,1.0,28.35,7.89,7.97,2.79,0.73,286.5
2024-02-29 04:00:00,96.3,1.0,28.35,7.89,7.97,2.79,0.73,286.5
2024-02-29 05:00:00,96.3,1.0,28.35,7.89,7.97,2.79,0.73,286.5
2024-02-29 06:00:00,96.3,1.0,28.35,7.89,7.97,2.79,0.73,286.5
2024-02-29 07:00:00,96.3,1.0,28.35,7.89,7.97,2.79,0.73,286.5
2024-02-29 08:00:00,96.3,1.0,28.35,7.89,7.97,2.79,0.73,286.5
2024-02-29 09:00:00,96.3,1.0,28.35,7.89,7.97,2.79,0.73,286.5
2024-02-29 10:00:00,96.3,1.0,28.35,7.89,7.97,2.79,0.73,286.5
2024-02-29 11:00:00,96.3,1.0,28.35,7.89,7.97,2.79,0.73,286.5
2024-02-29 12:00:00,96.3,1.0,28.35,7.89,7.97,2.79,0.73,286.5
2024-02-29 13:00:00,96.3,1.0,28.35,7.89,7.97,2.79,0.73,286.5
2024-02-29 14:00:00,96.3,1.0,28.35,7.89,7.97,2.79,0.73,286.5
2024-02-29 15:00:00,96.3,1.0,28.35,7.89,7.97,2.79,0.73,286.5
2024-02-29 16:00:00,96.3,1.0,28.35,7.89,7.97,2.79,0.73,286.5
2024-02-29 17:00:00,96.3,1.0,28.35,7.89,7.97,2.79,0.73,286.5
2024-02-29 18:00:00,96.3,1.0,28.35,7.89,7.97,2.79,0.73,286.5
2024-02-29 19:00:00,96.3,1.0,28.35,7.89,7.97,2.79,0.73,286.5
2024-02-29 20:00:00,96.3,1.0,28.35,7.89,7.97,2.79,0.73,286.5
2024-02-29 21:00:00,96.3,1.0,28.35,7.89,7.97,2.79,0.73,286.5
2024-02-29 22:00:00,96.3,1.0,28.35,7.89,7.97,2.79,0.73,286.5
2024-02-29 23:00:00,96.3,1.0,28.35,7.89,7.97,2.79,0.73,286.5
2024-03-01 00:00:00,96.3,1.0,28.35,7.89,7.97,2.79,0.73,286.5
2024-03-01 01:00:00,96.3,1.0,28.35,7.89,7.97,2.79,0.73,286.5
2024-03-01 02:00:00,96.3,1.0,28.35,7.89,7.97,2.79,0.73,286.5
2024-03-01 03:00:00,96.3,1.0,28.35,7.89,7.97,2.79,0.73,286.5
2024-03-01 04:00:00,96.3,1.0,28.35,7.89,7.97,2.79,0.73,286.5
2024-03-01 05:00:00,96.3,1.0,28.35,7.89,7.97,2.79,0.73,286.5
2024-03-01 06:00:00,96.3,1.0,28.35,7.89,7.97,2.79,0.73,286.5
2024-03-01 07:00:00,96.3,1.0,28.35,7.89,7.97,2.79,0.73,286.5
2024-03-01 08:00:00,96.3,1.0,28.35,7.89,7.97,2.79,0.73,286.5
2024-03-01 09:00:00,96.3,1.0,28.35,7.89,7.97,2.79,0.73,286.5
2024-03-01 10:00:00,96.3,1.0,28.35,7.89,7.97,2.79,0.73,286.5
2024-03-01 11:00:00,96.3,1.0,28.35,7.89,7.97,2.79,0.73,286.5
2024-03-01 12:00:00,96.3,1.0,28.35,7.89,7.97,2.79,0.73,286.5
2024-03-01 13:00:00,96.3,1.0,28.35,7.89,7.97,2.79,0.73,286.5
2024-03-01 14:00:00,96.3,1.0,28.35,7.89,7.97,2.79,0.73,286.5
2024-03-01 15:00:00,96.3,1.0,28.35,7.89,7.97,2.79,0.73,286.5
2024-03-01 16:00:00,96.3,1.0,28.35,7.89,7.97,2.79,0.73,286.5
2024-03-01 17:00:00,96.3,1.0,28.35,7.89,7.97,2.79,0.73,286.5
2024-03-01 18:00:00,96.3,1.0,28.35,7.89,7.97,2.79,0.73,286.5
2024-03-01 19:00:00,96.3,1.0,28.35,7.89,7.97,2.79,0.73,286.5
2024-03-01 20:00:00,96.3,1.0,28.35,7.89,7.97,2.79,0.73,286.5
2024-03-01 21:00:00,96.3,1.0,28.35,7.89,7.97,2.79,0.73,286.5
2024-03-01 22:00:00,96.3,1.0,28.35,7.89,7.97,2.79,0.73,286.5
2024-03-01 23:00:00,96.3,1.0,28.35,7.89,7.97,2.79,0.73,286.5
2024-03-02 00:00:00,96.3,1.0,28.35,7.89,7.97,2.79,0.73,286.5
2024-03-02 01:00:00,96.3,1.0,28.35,7.89,7.97,2.79,0.73,286.5
2024-03-02 02:00:00,96.3,1.0,28.35,7.89,7.97,2.79,0.73,286.5
2024-03-02 03:00:00,96.3,1.0,28.35,7.89,7.97,2.79,0.73,286.5
2024-03-02 04:00:00,96.3,1.0,28.35,7.89,7.97,2.79,0.73,286.5
2024-03-02 05:00:00,96.3,1.0,28.35,7.89,7.97,2.79,0.73,286.5
2024-03-02 06:00:00,96.3,1.0,28.35,7.89,7.97,2.79,0.73,286.5
2024-03-02 07:00:00,96.3,1.0,28.35,7.89,7.97,2.79,0.73,286.5
2024-03-02 08:00:00,96.3,1.0,28.35,7.89,7.97,2.79,0.73,286.5
2024-03-02 09:00:00,96.3,1.0,28.35,7.89,7.97,2.79,0.73,286.5
2024-03-02 10:00:00,96.3,1.0,28.35,7.89,7.97,2.79,0.73,286.5
2024-03-02 11:00:00,96.3,1.0,28.35,7.89,7.97,2.79,0.73,286.5
2024-03-02 12:00:00,96.3,1.0,28.35,7.89,7.97,2.79,0.73,286.5
2024-03-02 13:00:00,96.3,1.0,28.35,7.89,7.97,2.79,0.73,286.5
2024-03-02 14:00:00,96.3,1.0,28.35,7.89,7.97,2.79,0.73,286.5
2024-03-02 15:00:00,96.3,1.0,28.35,7.89,7.97,2.79,0.73,286.5
2024-03-02 16:00:00,96.3,1.0,28.35,7.89,7.97,2.79,0.73,286.5
2024-03-02 17:00:00,96.3,1.0,28.35,7.89,7.97,2.79,0.73,286.5
2024-03-02 18:00:00,96.3,1.0,28.35,7.89,7.97,2.79,0.73,286.5
2024-03-02 19:00:00,96.3,1.0,28.35,7.89,7.97,2.79,0.73,286.5
2024-03-02 20:00:00,96.3,1.0,28.35,7.89,7.97,2.79,0.73,286.5
2024-03-02 21:00:00,96.3,1.0,28.35,7.89,7.97,2.79,0.73,286.5
2024-03-02 22:00:00,96.3,1.0,28.35,7.89,7.97,2.79,0.73,286.5
2024-03-02 23:00:00,96.3,1.0,28.35,7.89,7.97,2.79,0.73,286.5
2024-03-03 00:00:00,96.3,1.0,28.35,7.89,7.97,2.79,0.73,286.5
2024-03-03 01:00:00,96.3,1.0,28.35,7.89,7.97,2.79,0.73,286.5
2024-03-03 02:00:00,96.3,1.0,28.35,7.89,7.97,2.79,0.73,286.5
2024-03-03 03:00:00,96.3,1.0,28.35,7.89,7.97,2.79,0.73,286.5
2024-03-03 04:00:00,96.3,1.0,28.35,7.89,7.97,2.79,0.73,286.5
2024-03-03 05:00:00,96.3,1.0,28.35,7.89,7.97,2.79,0.73,286.5
2024-03-03 06:00:00,96.3,1.0,28.35,7.89,7.97,2.79,0.73,286.5
2024-03-03 07:00:00,96.3,1.0,28.35,7.89,7.97,2.79,0.73,286.5
2024-03-03 08:00:00,96.3,1.0,28.35,7.89,7.97,2.79,0.73,286.5
2024-03-03 09:00:00,96.3,1.0,28.35,7.89,7.97,2.79,0.73,286.5
2024-03-03 10:00:00,96.3,1.0,28.35,7.89,7.97,2.79,0.73,286.5
2024-03-03 11:00:00,96.3,1.0,28.35,7.89,7.97,2.79,0.73,286.5
2024-03-03 12:00:00,96.3,1.0,28.35,7.89,7.97,2.79,0.73,286.5
2024-03-03 13:00:00,96.3,1.0,28.35,7.89,7.97,2.79,0.73,286.5
2024-03-03 14:00:00,96.3,1.0,28.35,7.89,7.97,2.79,0.73,286.5
2024-03-03 15:00:00,96.3,1.0,28.35,7.89,7.97,2.79,0.73,286.5
2024-03-03 16:00:00,96.3,1.0,28.35,7.89,7.97,2.79,0.73,286.5
2024-03-03 17:00:00,96.3,1.0,28.35,7.89,7.97,2.79,0.73,286.5
2024-03-03 18:00:00,96.3,1.0,28.35,7.89,7.97,2.79,0.73,286.5
2024-03-03 19:00:00,96.3,1.0,28.35,7.89,7.97,2.79,0.73,286.5
2024-03-03 20:00:00,96.3,1.0,28.35,7.89,7.97,2.79,0.73,286.5
2024-03-03 21:00:00,96.3,1.0,28.35,7.89,7.97,2.79,0.73,286.5
2024-03-03 22:00:00,96.3,1.0,28.35,7.89,7.97,2.79,0.73,286.5
2024-03-03 23:00:00,96.3,1.0,28.35,7.89,7.97,2.79,0.73,286.5
2024-03-04 00:00:00,96.3,1.0,28.35,7.89,7.97,2.79,0.73,286.5
2024-03-04 01:00:00,96.3,1.0,28.35,7.89,7.97,2.79,0.73,286.5
2024-03-04 02:00:00,96.3,1.0,28.35,7.89,7.97,2.79,0.73,286.5
2024-03-04 03:00:00,96.3,1.0,28.35,7.89,7.97,2.79,0.73,286.5
2024-03-04 04:00:00,96.3,1.0,28.35,7.89,7.97,2.79,0.73,286.5
2024-03-04 05:00:00,96.3,1.0,28.35,7.89,7.97,2.79,0.73,286.5
2024-03-04 06:00:00,96.3,1.0,28.35,7.89,7.97,2.79,0.73,286.5
2024-03-04 07:00:00,96.3,1.0,28.35,7.89,7.97,2.79,0.73,286.5
2024-03-04 08:00:00,96.3,1.0,28.35,7.89,7.97,2.79,0.73,286.5
2024-03-04 09:00:00,96.3,1.0,28.35,7.89,7.97,2.79,0.73,286.5
2024-03-04 10:00:00,96.3,1.0,28.35,7.89,7.97,2.79,0.73,286.5
2024-03-04 11:00:00,96.3,1.0,28.35,7.89,7.97,2.79,0.73,286.5
2024-03-04 12:00:00,96.3,1.0,28.35,7.89,7.97,2.79,0.73,286.5
2024-03-04 13:00:00,96.3,1.0,28.35,7.89,7.97,2.79,0.73,286.5
2024-03-04 14:00:00,96.3,1.0,28.35,7.89,7.97,2.79,0.73,286.5
2024-03-04 15:00:00,96.3,1.0,28.35,7.89,7.97,2.79,0.73,286.5
2024-03-04 16:00:00,96.3,1.0,28.35,7.89,7.97,2.79,0.73,286.5
2024-03-04 17:00:00,96.3,1.0,28.35,7.89,7.97,2.79,0.73,286.5
2024-03-04 18:00:00,96.3,1.0,28.35,7.89,7.97,2.79,0.73,286.5
2024-03-04 19:00:00,96.3,1.0,28.35,7.89,7.97,2.79,0.73,286.5
2024-03-04 20:00:00,96.3,1.0,28.35,7.89,7.97,2.79,0.73,286.5
2024-03-04 21:00:00,96.3,1.0,28.35,7.89,7.97,2.79,0.73,286.5
2024-03-04 22:00:00,96.3,1.0,28.35,7.89,7.97,2.79,0.73,286.5
2024-03-04 23:00:00,96.3,1.0,28.35,7.89,7.97,2.79,0.73,286.5
2024-03-05 00:00:00,96.3,1.0,28.35,7.89,7.97,2.79,0.73,286.5
2024-03-05 01:00:00,96.3,1.0,28.35,7.89,7.97,2.79,0.73,286.5
2024-03-05 02:00:00,96.3,1.0,28.35,7.89,7.97,2.79,0.73,286.5
2024-03-05 03:00:00,96.3,1.0,28.35,7.89,7.97,2.79,0.73,286.5
2024-03-05 04:00:00,96.3,1.0,28.35,7.89,7.97,2.79,0.73,286.5
2024-03-05 05:00:00,96.3,1.0,28.35,7.89,7.97,2.79,0.73,286.5
2024-03-05 06:00:00,96.3,1.0,28.35,7.89,7.97,2.79,0.73,286.5
2024-03-05 07:00:00,96.3,1.0,28.35,7.89,7.97,2.79,0.73,286.5
2024-03-05 08:00:00,96.3,1.0,28.35,7.89,7.97,2.79,0.73,286.5
2024-03-05 09:00:00,96.3,1.0,28.35,7.89,7.97,2.79,0.73,286.5
2024-03-05 10:00:00,96.3,1.0,28.35,7.89,7.97,2.79,0.73,286.5
2024-03-05 11:00:00,96.3,1.0,28.35,7.89,7.97,2.79,0.73,286.5
2024-03-05 12:00:00,96.3,1.0,28.35,7.89,7.97,2.79,0.73,286.5
2024-03-05 13:00:00,96.3,1.0,28.35,7.89,7.97,2.79,0.73,286.5
2024-03-05 14:00:00,96.3,1.0,28.35,7.89,7.97,2.79,0.73,286.5
2024-03-05 15:00:00,96.3,1.0,28.35,7.89,7.97,2.79,0.73,286.5
2024-03-05 16:00:00,96.3,1.0,28.35,7.89,7.97,2.79,0.73,286.5
2024-03-05 17:00:00,96.3,1.0,28.35,7.89,7.97,2.79,0.73,286.5
2024-03-05 18:00:00,96.3,1.0,28.35,7.89,7.97,2.79,0.73,286.5
2024-03-05 19:00:00,96.3,1.0,28.35,7.89,7.97,2.79,0.73,286.5
2024-03-05 20:00:00,96.3,1.0,28.35,7.89,7.97,2.79,0.73,286.5
2024-03-05 21:00:00,96.3,1.0,28.35,7.89,7.97,2.79,0.73,286.5
2024-03-05 22:00:00,96.3,1.0,28.35,7.89,7.97,2.79,0.73,286.5
2024-03-05 23:00:00,96.3,1.0,28.35,7.89,7.97,2.79,0.73,286.5
2024-03-06 00:00:00,96.3,1.0,28.35,7.89,7.97,2.79,0.73,286.5
2024-03-06 01:00:00,96.3,1.0,28.35,7.89,7.97,2.79,0.73,286.5
2024-03-06 02:00:00,96.3,1.0,28.35,7.89,7.97,2.79,0.73,286.5
2024-03-06 03:00:00,96.3,1.0,28.35,7.89,7.97,2.79,0.73,286.5
2024-03-06 04:00:00,96.3,1.0,28.35,7.89,7.97,2.79,0.73,286.5
2024-03-06 05:00:00,96.3,1.0,28.35,7.89,7.97,2.79,0.73,286.5
2024-03-06 06:00:00,96.3,1.0,28.35,7.89,7.97,2.79,0.73,286.5
2024-03-06 07:00:00,96.3,1.0,28.35,7.89,7.97,2.79,0.73,286.5
2024-03-06 08:00:00,96.3,1.0,28.35,7.89,7.97,2.79,0.73,286.5
2024-03-06 09:00:00,96.3,1.0,28.35,7.89,7.97,2.79,0.73,286.5
2024-03-06 10:00:00,96.3,1.0,28.35,7.89,7.97,2.79,0.73,286.5
2024-03-06 11:00:00,96.3,1.0,28.35,7.89,7.97,2.79,0.73,286.5
2024-03-06 12:00:00,96.3,1.0,28.35,7.89,7.97,2.79,0.73,286.5
2024-03-06 13:00:00,96.3,1.0,28.35,7.89,7.97,2.79,0.73,286.5
2024-03-06 14:00:00,96.3,1.0,28.35,7.89,7.97,2.79,0.73,286.5
2024-03-06 15:00:00,96.3,1.0,28.35,7.89,7.97,2.79,0.73,286.5
2024-03-06 16:00:00,96.3,1.0,28.35,7.89,7.97,2.79,0.73,286.5
2024-03-06 17:00:00,96.3,1.0,28.35,7.89,7.97,2.79,0.73,286.5
2024-03-06 18:00:00,96.3,1.0,28.35,7.89,7.97,2.79,0.73,286.5
2024-03-06 19:00:00,96.3,1.0,28.35,7.89,7.97,2.79,0.73,286.5
2024-03-06 20:00:00,96.3,1.0,28.35,7.89,7.97,2.79,0.73,286.5
2024-03-06 21:00:00,96.3,1.0,28.35,7.89,7.97,2.79,0.73,286.5
2024-03-06 22:00:00,96.3,1.0,28.35,7.89,7.97,2.79,0.73,286.5
2024-03-06 23:00:00,96.3,1.0,28.35,7.89,7.97,2.79,0.73,286.5
2024-03-07 00:00:00,96.3,1.0,28.35,7.89,7.97,2.79,0.73,286.5
2024-03-07 01:00:00,96.3,1.0,28.35,7.89,7.97,2.79,0.73,286.5
2024-03-07 02:00:00,96.3,1.0,28.35,7.89,7.97,2.79,0.73,286.5
2024-03-07 03:00:00,96.3,1.0,28.35,7.89,7.97,2.79,0.73,286.5
2024-03-07 04:00:00,96.3,1.0,28.35,7.89,7.97,2.79,0.73,286.5
2024-03-07 05:00:00,96.3,1.0,28.35,7.89,7.97,2.79,0.73,286.5
2024-03-07 06:00:00,96.3,1.0,28.35,7.89,7.97,2.79,0.73,286.5
2024-03-07 07:00:00,96.3,1.0,28.35,7.89,7.97,2.79,0.73,286.5
2024-03-07 08:00:00,96.3,1.0,28.35,7.89,7.97,2.79,0.73,286.5
2024-03-07 09:00:00,96.3,1.0,28.35,7.89,7.97,2.79,0.73,286.5
2024-03-07 10:00:00,96.3,1.0,28.35,7.89,7.97,2.79,0.73,286.5
2024-03-07 11:00:00,96.3,1.0,28.35,7.89,7.97,2.79,0.73,286.5
2024-03-07 12:00:00,96.3,1.0,28.35,7.89,7.97,2.79,0.73,286.5
2024-03-07 13:00:00,96.3,1.0,28.35,7.89,7.97,2.79,0.73,286.5
2024-03-07 14:00:00,96.3,1.0,28.35,7.89,7.97,2.79,0.73,286.5
2024-03-07 15:00:00,96.3,1.0,28.35,7.89,7.97,2.79,0.73,286.5
2024-03-07 16:00:00,96.3,1.0,28.35,7.89,7.97,2.79,0.73,286.5
2024-03-07 17:00:00,96.3,1.0,28.35,7.89,7.97,2.79,0.73,286.5
2024-03-07 18:00:00,96.3,1.0,28.35,7.89,7.97,2.79,0.73,286.5
2024-03-07 19:00:00,96.3,1.0,28.35,7.89,7.97,2.79,0.73,286.5
2024-03-07 20:00:00,96.3,1.0,28.35,7.89,7.97,2.79,0.73,286.5
2024-03-07 21:00:00,96.3,1.0,28.35,7.89,7.97,2.79,0.73,286.5
2024-03-07 22:00:00,96.3,1.0,28.35,7.89,7.97,2.79,0.73,286.5
2024-03-07 23:00:00,96.3,1.0,28.35,7.89,7.97,2.79,0.73,286.5
2024-03-08 00:00:00,96.3,1.0,28.35,7.89,7.97,2.79,0.73,286.5
2024-03-08 01:00:00,96.3,1.0,28.35,7.89,7.97,2.79,0.73,286.5
2024-03-08 02:00:00,96.3,1.0,28.35,7.89,7.97,2.79,0.73,286.5
2024-03-08 03:00:00,96.3,1.0,28.35,7.89,7.97,2.79,0.73,286.5
2024-03-08 04:00:00,96.3,1.0,28.35,7.89,7.97,2.79,0.73,286.5
2024-03-08 05:00:00,96.3,1.0,28.35,7.89,7.97,2.79,0.73,286.5
2024-03-08 06:00:00,96.3,1.0,28.35,7.89,7.97,2.79,0.73,286.5
2024-03-08 07:00:00,96.3,1.0,28.35,7.89,7.97,2.79,0.73,286.5
2024-03-08 08:00:00,96.3,1.0,28.35,7.89,7.97,2.79,0.73,286.5
2024-03-08 09:00:00,96.3,1.0,28.35,7.89,7.97,2.79,0.73,286.5
2024-03-08 10:00:00,96.3,1.0,28.35,7.89,7.97,2.79,0.73,286.5
2024-03-08 11:00:00,96.3,1.0,28.35,7.89,7.97,2.79,0.73,286.5
2024-03-08 12:00:00,96.3,1.0,28.35,7.89,7.97,2.79,0.73,286.5
2024-03-08 13:00:00,96.3,1.0,28.35,7.89,7.97,2.79,0.73,286.5
2024-03-08 14:00:00,96.3,1.0,28.35,7.89,7.97,2.79,0.73,286.5
2024-03-08 15:00:00,96.3,1.0,28.35,7.89,7.97,2.79,0.73,286.5
2024-03-08 16:00:00,96.3,1.0,28.35,7.89,7.97,2.79,0.73,286.5
2024-03-08 17:00:00,96.3,1.0,28.35,7.89,7.97,2.79,0.73,286.5
2024-03-08 18:00:00,96.3,1.0,28.35,7.89,7.97,2.79,0.73,286.5
2024-03-08 19:00:00,96.3,1.0,28.35,7.89,7.97,2.79,0.73,286.5
2024-03-08 20:00:00,96.3,1.0,28.35,7.89,7.97,2.79,0.73,286.5
2024-03-08 21:00:00,96.3,1.0,28.35,7.89,7.97,2.79,0.73,286.5
2024-03-08 22:00:00,96.3,1.0,28.35,7.89,7.97,2.79,0.73,286.5
2024-03-08 23:00:00,96.3,1.0,28.35,7.89,7.97,2.79,0.73,286.5
2024-03-09 00:00:00,96.3,1.0,28.35,7.89,7.97,2.79,0.73,286.5
2024-03-09 01:00:00,96.3,1.0,28.35,7.89,7.97,2.79,0.73,286.5
2024-03-09 02:00:00,96.3,1.0,28.35,7.89,7.97,2.79,0.73,286.5
2024-03-09 03:00:00,96.3,1.0,28.35,7.89,7.97,2.79,0.73,286.5
2024-03-09 04:00:00,96.3,1.0,28.35,7.89,7.97,2.79,0.73,286.5
2024-03-09 05:00:00,96.3,1.0,28.35,7.89,7.97,2.79,0.73,286.5
2024-03-09 06:00:00,96.3,1.0,28.35,7.89,7.97,2.79,0.73,286.5
2024-03-09 07:00:00,96.3,1.0,28.35,7.89,7.97,2.79,0.73,286.5
2024-03-09 08:00:00,96.3,1.0,28.35,7.89,7.97,2.79,0.73,286.5
2024-03-09 09:00:00,96.3,1.0,28.35,7.89,7.97,2.79,0.73,286.5
2024-03-09 10:00:00,96.3,1.0,28.35,7.89,7.97,2.79,0.73,286.5
2024-03-09 11:00:00,96.3,1.0,28.35,7.89,7.97,2.79,0.73,286.5
2024-03-09 12:00:00,96.3,1.0,28.35,7.89,7.97,2.79,0.73,286.5
2024-03-09 13:00:00,96.3,1.0,28.35,7.89,7.97,2.79,0.73,286.5
2024-03-09 14:00:00,96.3,1.0,28.35,7.89,7.97,2.79,0.73,286.5
2024-03-09 15:00:00,96.3,1.0,28.35,7.89,7.97,2.79,0.73,286.5
2024-03-09 16:00:00,96.3,1.0,28.35,7.89,7.97,2.79,0.73,286.5
2024-03-09 17:00:00,96.3,1.0,28.35,7.89,7.97,2.79,0.73,286.5
2024-03-09 18:00:00,96.3,1.0,28.35,7.89,7.97,2.79,0.73,286.5
2024-03-09 19:00:00,96.3,1.0,28.35,7.89,7.97,2.79,0.73,286.5
2024-03-09 20:00:00,96.3,1.0,28.35,7.89,7.97,2.79,0.73,286.5
2024-03-09 21:00:00,96.3,1.0,28.35,7.89,7.97,2.79,0.73,286.5
2024-03-09 22:00:00,96.3,1.0,28.35,7.89,7.97,2.79,0.73,286.5
2024-03-09 23:00:00,96.3,1.0,28.35,7.89,7.97,2.79,0.73,286.5
2024-03-10 00:00:00,96.3,1.0,28.35,7.89,7.97,2.79,0.73,286.5
2024-03-10 01:00:00,96.3,1.0,28.35,7.89,7.97,2.79,0.73,286.5
2024-03-10 02:00:00,96.3,1.0,28.35,7.89,7.97,2.79,0.73,286.5
2024-03-10 03:00:00,96.3,1.0,28.35,7.89,7.97,2.79,0.73,286.5
2024-03-10 04:00:00,96.3,1.0,28.35,7.89,7.97,2.79,0.73,286.5
2024-03-10 05:00:00,96.3,1.0,28.35,7.89,7.97,2.79,0.73,286.5
2024-03-10 06:00:00,96.3,1.0,28.35,7.89,7.97,2.79,0.73,286.5
2024-03-10 07:00:00,96.3,1.0,28.35,7.89,7.97,2.79,0.73,286.5
2024-03-10 08:00:00,96.3,1.0,28.35,7.89,7.97,2.79,0.73,286.5
2024-03-10 09:00:00,96.3,1.0,28.35,7.89,7.97,2.79,0.73,286.5
2024-03-10 10:00:00,96.3,1.0,28.35,7.89,7.97,2.79,0.73,286.5
2024-03-10 11:00:00,96.3,1.0,28.35,7.89,7.97,2.79,0.73,286.5
2024-03-10 12:00:00,96.3,1.0,28.35,7.89,7.97,2.79,0.73,286.5
2024-03-10 13:00:00,96.3,1.0,28.35,7.89,7.97,2.79,0.73,286.5
2024-03-10 14:00:00,96.3,1.0,28.35,7.89,7.97,2.79,0.73,286.5
2024-03-10 15:00:00,96.3,1.0,28.35,7.89,7.97,2.79,0.73,286.5
2024-03-10 16:00:00,96.3,1.0,28.35,7.89,7.97,2.79,0.73,286.5
2024-03-10 17:00:00,96.3,1.0,28.35,7.89,7.97,2.79,0.73,286.5
2024-03-10 18:00:00,96.3,1.0,28.35,7.89,7.97,2.79,0.73,286.5
2024-03-10 19:00:00,96.3,1.0,28.35,7.89,7.97,2.79,0.73,286.5
2024-03-10 20:00:00,96.3,1.0,28.35,7.89,7.97,2.79,0.73,286.5
2024-03-10 21:00:00,96.3,1.0,28.35,7.89,7.97,2.79,0.73,286.5
2024-03-10 22:00:00,96.3,1.0,28.35,7.89,7.97,2.79,0.73,286.5
2024-03-10 23:00:00,96.3,1.0,28.35,7.89,7.97,2.79,0.73,286.5
2024-03-11 00:00:00,96.3,1.0,28.35,7.89,7.97,2.79,0.73,286.5
2024-03-11 01:00:00,96.3,1.0,28.35,7.89,7.97,2.79,0.73,286.5
2024-03-11 02:00:00,96.3,1.0,28.35,7.89,7.97,2.79,0.73,286.5
2024-03-11 03:00:00,96.3,1.0,28.35,7.89,7.97,2.79,0.73,286.5
2024-03-11 04:00:00,96.3,1.0,28.35,7.89,7.97,2.79,0.73,286.5
2024-03-11 05:00:00,96.3,1.0,28.35,7.89,7.97,2.79,0.73,286.5
2024-03-11 06:00:00,96.3,1.0,28.35,7.89,7.97,2.79,0.73,286.5
2024-03-11 07:00:00,96.3,1.0,28.35,7.89,7.97,2.79,0.73,286.5
2024-03-11 08:00:00,96.3,1.0,28.35,7.89,7.97,2.79,0.73,286.5
2024-03-11 09:00:00,96.3,1.0,28.35,7.89,7.97,2.79,0.73,286.5
2024-03-11 10:00:00,96.3,1.0,28.35,7.89,7.97,2.79,0.73,286.5
2024-03-11 11:00:00,96.3,1.0,28.35,7.89,7.97,2.79,0.73,286.5
2024-03-11 12:00:00,96.3,1.0,28.35,7.89,7.97,2.79,0.73,286.5
2024-03-11 13:00:00,96.3,1.0,28.35,7.89,7.97,2.79,0.73,286.5
2024-03-11 14:00:00,96.3,1.0,28.35,7.89,7.97,2.79,0.73,286.5
2024-03-11 15:00:00,96.3,1.0,28.35,7.89,7.97,2.79,0.73,286.5
2024-03-11 16:00:00,96.3,1.0,28.35,7.89,7.97,2.79,0.73,286.5
2024-03-11 17:00:00,96.3,1.0,28.35,7.89,7.97,2.79,0.73,286.5
2024-03-11 18:00:00,96.3,1.0,28.35,7.89,7.97,2.79,0.73,286.5
2024-03-11 19:00:00,96.3,1.0,28.35,7.89,7.97,2.79,0.73,286.5
2024-03-11 20:00:00,96.3,1.0,28.35,7.89,7.97,2.79,0.73,286.5
2024-03-11 21:00:00,96.3,1.0,28.35,7.89,7.97,2.79,0.73,286.5
2024-03-11 22:00:00,96.3,1.0,28.35,7.89,7.97,2.79,0.73,286.5
2024-03-11 23:00:00,96.3,1.0,28.35,7.89,7.97,2.79,0.73,286.5
2024-03-12 00:00:00,96.3,1.0,28.35,7.89,7.97,2.79,0.73,286.5
2024-03-12 01:00:00,96.3,1.0,28.35,7.89,7.97,2.79,0.73,286.5
2024-03-12 02:00:00,96.3,1.0,28.35,7.89,7.97,2.79,0.73,286.5
2024-03-12 03:00:00,96.3,1.0,28.35,7.89,7.97,2.79,0.73,286.5
2024-03-12 04:00:00,96.3,1.0,28.35,7.89,7.97,2.79,0.73,286.5
2024-03-12 05:00:00,96.3,1.0,28.35,7.89,7.97,2.79,0.73,286.5
2024-03-12 06:00:00,96.3,1.0,28.35,7.89,7.97,2.79,0.73,286.5
2024-03-12 07:00:00,96.3,1.0,28.35,7.89,7.97,2.79,0.73,286.5
2024-03-12 08:00:00,96.3,1.0,28.35,7.89,7.97,2.79,0.73,286.5
2024-03-12 09:00:00,96.3,1.0,28.35,7.89,7.97,2.79,0.73,286.5
2024-03-12 10:00:00,96.3,1.0,28.35,7.89,7.97,2.79,0.73,286.5
2024-03-12 11:00:00,96.3,1.0,28.35,7.89,7.97,2.79,0.73,286.5
2024-03-12 12:00:00,96.3,1.0,28.35,7.89,7.97,2.79,0.73,286.5
2024-03-12 13:00:00,96.3,1.0,28.35,7.89,7.97,2.79,0.73,286.5
2024-03-12 14:00:00,96.3,1.0,28.35,7.89,7.97,2.79,0.73,286.5
2024-03-12 15:00:00,96.3,1.0,28.35,7.89,7.97,2.79,0.73,286.5
2024-03-12 16:00:00,96.3,1.0,28.35,7.89,7.97,2.79,0.73,286.5
2024-03-12 17:00:00,96.3,1.0,28.35,7.89,7.97,2.79,0.73,286.5
2024-03-12 18:00:00,96.3,1.0,28.35,7.89,7.97,2.79,0.73,286.5
2024-03-12 19:00:00,96.3,1.0,28.35,7.89,7.97,2.79,0.73,286.5
2024-03-12 20:00:00,96.3,1.0,28.35,7.89,7.97,2.79,0.73,286.5
2024-03-12 21:00:00,96.3,1.0,28.35,7.89,7.97,2.79,0.73,286.5
2024-03-12 22:00:00,96.3,1.0,28.35,7.89,7.97,2.79,0.73,286.5
2024-03-12 23:00:00,96.3,1.0,28.35,7.89,7.97,2.79,0.73,286.5
2024-03-13 00:00:00,96.3,1.0,28.35,7.89,7.97,2.79,0.73,286.5
2024-03-13 01:00:00,96.3,1.0,28.35,7.89,7.97,2.79,0.73,286.5
2024-03-13 02:00:00,96.3,1.0,28.35,7.89,7.97,2.79,0.73,286.5
2024-03-13 03:00:00,96.3,1.0,28.35,7.89,7.97,2.79,0.73,286.5
2024-03-13 04:00:00,96.3,1.0,28.35,7.89,7.97,2.79,0.73,286.5
2024-03-13 05:00:00,96.3,1.0,28.35,7.89,7.97,2.79,0.73,286.5
2024-03-13 06:00:00,96.3,1.0,28.35,7.89,7.97,2.79,0.73,286.5
2024-03-13 07:00:00,96.3,1.0,28.35,7.89,7.97,2.79,0.73,286.5
2024-03-13 08:00:00,96.3,1.0,28.35,7.89,7.97,2.79,0.73,286.5
2024-03-13 09:00:00,96.3,1.0,28.35,7.89,7.97,2.79,0.73,286.5
2024-03-13 10:00:00,96.3,1.0,28.35,7.89,7.97,2.79,0.73,286.5
2024-03-13 11:00:00,96.3,1.0,28.35,7.89,7.97,2.79,0.73,286.5
2024-03-13 12:00:00,96.3,1.0,28.35,7.89,7.97,2.79,0.73,286.5
2024-03-13 13:00:00,96.3,1.0,28.35,7.89,7.97,2.79,0.73,286.5
2024-03-13 14:00:00,96.3,1.0,28.35,7.89,7.97,2.79,0.73,286.5
2024-03-13 15:00:00,96.3,1.0,28.35,7.89,7.97,2.79,0.73,286.5
2024-03-13 16:00:00,96.3,1.0,28.35,7.89,7.97,2.79,0.73,286.5
2024-03-13 17:00:00,96.3,1.0,28.35,7.89,7.97,2.79,0.73,286.5
2024-03-13 18:00:00,96.3,1.0,28.35,7.89,7.97,2.79,0.73,286.5
2024-03-13 19:00:00,96.3,1.0,28.35,7.89,7.97,2.79,0.73,286.5
2024-03-13 20:00:00,96.3,1.0,28.35,7.89,7.97,2.79,0.73,286.5
2024-03-13 21:00:00,96.3,1.0,28.35,7.89,7.97,2.79,0.73,286.5
2024-03-13 22:00:00,96.3,1.0,28.35,7.89,7.97,2.79,0.73,286.5
2024-03-13 23:00:00,96.3,1.0,28.35,7.89,7.97,2.79,0.73,286.5
2024-03-14 00:00:00,96.3,1.0,28.35,7.89,7.97,2.79,0.73,286.5
2024-03-14 01:00:00,96.3,1.0,28.35,7.89,7.97,2.79,0.73,286.5
2024-03-14 02:00:00,96.3,1.0,28.35,7.89,7.97,2.79,0.73,286.5
2024-03-14 03:00:00,96.3,1.0,28.35,7.89,7.97,2.79,0.73,286.5
2024-03-14 04:00:00,96.3,1.0,28.35,7.89,7.97,2.79,0.73,286.5
2024-03-14 05:00:00,96.3,1.0,28.35,7.89,7.97,2.79,0.73,286.5
2024-03-14 06:00:00,96.3,1.0,28.35,7.89,7.97,2.79,0.73,286.5
2024-03-14 07:00:00,96.3,1.0,28.35,7.89,7.97,2.79,0.73,286.5
2024-03-14 08:00:00,96.3,1.0,28.35,7.89,7.97,2.79,0.73,286.5
2024-03-14 09:00:00,96.3,1.0,28.35,7.89,7.97,2.79,0.73,286.5
2024-03-14 10:00:00,96.3,1.0,28.35,7.89,7.97,2.79,0.73,286.5
2024-03-14 11:00:00,96.3,1.0,28.35,7.89,7.97,2.79,0.73,286.5
2024-03-14 12:00:00,96.3,1.0,28.35,7.89,7.97,2.79,0.73,286.5
2024-03-14 13:00:00,96.3,1.0,28.35,7.89,7.97,2.79,0.73,286.5
2024-03-14 14:00:00,96.3,1.0,28.35,7.89,7.97,2.79,0.73,286.5
2024-03-14 15:00:00,96.3,1.0,28.35,7.89,7.97,2.79,0.73,286.5
2024-03-14 16:00:00,96.3,1.0,28.35,7.89,7.97,2.79,0.73,286.5
2024-03-14 17:00:00,96.3,1.0,28.35,7.89,7.97,2.79,0.73,286.5
2024-03-14 18:00:00,96.3,1.0,28.35,7.89,7.97,2.79,0.73,286.5
2024-03-14 19:00:00,96.3,1.0,28.35,7.89,7.97,2.79,0.73,286.5
2024-03-14 20:00:00,96.3,1.0,28.35,7.89,7.97,2.79,0.73,286.5
2024-03-14 21:00:00,96.3,1.0,28.35,7.89,7.97,2.79,0.73,286.5
2024-03-14 22:00:00,96.3,1.0,28.35,7.89,7.97,2.79,0.73,286.5
2024-03-14 23:00:00,96.3,1.0,28.35,7.89,7.97,2.79,0.73,286.5
2024-03-15 00:00:00,96.3,1.0,28.35,7.89,7.97,2.79,0.73,286.5
2024-03-15 01:00:00,96.3,1.0,28.35,7.89,7.97,2.79,0.73,286.5
2024-03-15 02:00:00,96.3,1.0,28.35,7.89,7.97,2.79,0.73,286.5
2024-03-15 03:00:00,96.3,1.0,28.35,7.89,7.97,2.79,0.73,286.5
2024-03-15 04:00:00,96.3,1.0,28.35,7.89,7.97,2.79,0.73,286.5
2024-03-15 05:00:00,96.3,1.0,28.35,7.89,7.97,2.79,0.73,286.5
2024-03-15 06:00:00,96.3,1.0,28.35,7.89,7.97,2.79,0.73,286.5
2024-03-15 07:00:00,96.3,1.0,28.35,7.89,7.97,2.79,0.73,286.5
2024-03-15 08:00:00,96.3,1.0,28.35,7.89,7.97,2.79,0.73,286.5
2024-03-15 09:00:00,96.3,1.0,28.35,7.89,7.97,2.79,0.73,286.5
2024-03-15 10:00:00,96.3,1.0,28.35,7.89,7.97,2.79,0.73,286.5
2024-03-15 11:00:00,96.3,1.0,28.35,7.89,7.97,2.79,0.73,286.5
2024-03-15 12:00:00,96.3,1.0,28.35,7.89,7.97,2.79,0.73,286.5
2024-03-15 13:00:00,96.3,1.0,28.35,7.89,7.97,2.79,0.73,286.5
2024-03-15 14:00:00,96.3,1.0,28.35,7.89,7.97,2.79,0.73,286.5
2024-03-15 15:00:00,96.3,1.0,28.35,7.89,7.97,2.79,0.73,286.5
2024-03-15 16:00:00,96.3,1.0,28.35,7.89,7.97,2.79,0.73,286.5
2024-03-15 17:00:00,96.3,1.0,28.35,7.89,7.97,2.79,0.73,286.5
2024-03-15 18:00:00,96.3,1.0,28.35,7.89,7.97,2.79,0.73,286.5
2024-03-15 19:00:00,96.3,1.0,28.35,7.89,7.97,2.79,0.73,286.5
2024-03-15 20:00:00,96.3,1.0,28.35,7.89,7.97,2.79,0.73,286.5
2024-03-15 21:00:00,96.3,1.0,28.35,7.89,7.97,2.79,0.73,286.5
2024-03-15 22:00:00,96.3,1.0,28.35,7.89,7.97,2.79,0.73,286.5
2024-03-15 23:00:00,96.3,1.0,28.35,7.89,7.97,2.79,0.73,286.5
2024-03-16 00:00:00,96.3,1.0,28.35,7.89,7.97,2.79,0.73,286.5
2024-03-16 01:00:00,96.3,1.0,28.35,7.89,7.97,2.79,0.73,286.5
2024-03-16 02:00:00,96.3,1.0,28.35,7.89,7.97,2.79,0.73,286.5
2024-03-16 03:00:00,96.3,1.0,28.35,7.89,7.97,2.79,0.73,286.5
2024-03-16 04:00:00,96.3,1.0,28.35,7.89,7.97,2.79,0.73,286.5
2024-03-16 05:00:00,96.3,1.0,28.35,7.89,7.97,2.79,0.73,286.5
2024-03-16 06:00:00,96.3,1.0,28.35,7.89,7.97,2.79,0.73,286.5
2024-03-16 07:00:00,96.3,1.0,28.35,7.89,7.97,2.79,0.73,286.5
2024-03-16 08:00:00,96.3,1.0,28.35,7.89,7.97,2.79,0.73,286.5
2024-03-16 09:00:00,96.3,1.0,28.35,7.89,7.97,2.79,0.73,286.5
2024-03-16 10:00:00,96.3,1.0,28.35,7.89,7.97,2.79,0.73,286.5
2024-03-16 11:00:00,96.3,1.0,28.35,7.89,7.97,2.79,0.73,286.5
2024-03-16 12:00:00,96.3,1.0,28.35,7.89,7.97,2.79,0.73,286.5
2024-03-16 13:00:00,96.3,1.0,28.35,7.89,7.97,2.79,0.73,286.5
2024-03-16 14:00:00,96.3,1.0,28.35,7.89,7.97,2.79,0.73,286.5
2024-03-16 15:00:00,96.3,1.0,28.35,7.89,7.97,2.79,0.73,286.5
2024-03-16 16:00:00,96.3,1.0,28.35,7.89,7.97,2.79,0.73,286.5
2024-03-16 17:00:00,96.3,1.0,28.35,7.89,7.97,2.79,0.73,286.5
2024-03-16 18:00:00,96.3,1.0,28.35,7.89,7.97,2.79,0.73,286.5
2024-03-16 19:00:00,96.3,1.0,28.35,7.89,7.97,2.79,0.73,286.5
2024-03-16 20:00:00,96.3,1.0,28.35,7.89,7.97,2.79,0.73,286.5
2024-03-16 21:00:00,96.3,1.0,28.35,7.89,7.97,2.79,0.73,286.5
2024-03-16 22:00:00,96.3,1.0,28.35,7.89,7.97,2.79,0.73,286.5
2024-03-16 23:00:00,96.3,1.0,28.35,7.89,7.97,2.79,0.73,286.5
2024-03-17 00:00:00,96.3,1.0,28.35,7.89,7.97,2.79,0.73,286.5
2024-03-17 01:00:00,96.3,1.0,28.35,7.89,7.97,2.79,0.73,286.5
2024-03-17 02:00:00,96.3,1.0,28.35,7.89,7.97,2.79,0.73,286.5
2024-03-17 03:00:00,96.3,1.0,28.35,7.89,7.97,2.79,0.73,286.5
2024-03-17 04:00:00,96.3,1.0,28.35,7.89,7.97,2.79,0.73,286.5
2024-03-17 05:00:00,96.3,1.0,28.35,7.89,7.97,2.79,0.73,286.5
2024-03-17 06:00:00,96.3,1.0,28.35,7.89,7.97,2.79,0.73,286.5
2024-03-17 07:00:00,96.3,1.0,28.35,7.89,7.97,2.79,0.73,286.5
2024-03-17 08:00:00,96.3,1.0,28.35,7.89,7.97,2.79,0.73,286.5
2024-03-17 09:00:00,96.3,1.0,28.35,7.89,7.97,2.79,0.73,286.5
2024-03-17 10:00:00,96.3,1.0,28.35,7.89,7.97,2.79,0.73,286.5
2024-03-17 11:00:00,96.3,1.0,28.35,7.89,7.97,2.79,0.73,286.5
2024-03-17 12:00:00,96.3,1.0,28.35,7.89,7.97,2.79,0.73,286.5
2024-03-17 13:00:00,96.3,1.0,28.35,7.89,7.97,2.79,0.73,286.5
2024-03-17 14:00:00,96.3,1.0,28.35,7.89,7.97,2.79,0.73,286.5
2024-03-17 15:00:00,96.3,1.0,28.35,7.89,7.97,2.79,0.73,286.5
2024-03-17 16:00:00,96.3,1.0,28.35,7.89,7.97,2.79,0.73,286.5
2024-03-17 17:00:00,96.3,1.0,28.35,7.89,7.97,2.79,0.73,286.5
2024-03-17 18:00:00,96.3,1.0,28.35,7.89,7.97,2.79,0.73,286.5
2024-03-17 19:00:00,96.3,1.0,28.35,7.89,7.97,2.79,0.73,286.5
2024-03-17 20:00:00,96.3,1.0,28.35,7.89,7.97,2.79,0.73,286.5
2024-03-17 21:00:00,96.3,1.0,28.35,7.89,7.97,2.79,0.73,286.5
2024-03-17 22:00:00,96.3,1.0,28.35,7.89,7.97,2.79,0.73,286.5
2024-03-17 23:00:00,96.3,1.0,28.35,7.89,7.97,2.79,0.73,286.5
2024-03-18 00:00:00,96.3,1.0,28.35,7.89,7.97,2.79,0.73,286.5
2024-03-18 01:00:00,96.3,1.0,28.35,7.89,7.97,2.79,0.73,286.5
2024-03-18 02:00:00,96.3,1.0,28.35,7.89,7.97,2.79,0.73,286.5
2024-03-18 03:00:00,96.3,1.0,28.35,7.89,7.97,2.79,0.73,286.5
2024-03-18 04:00:00,96.3,1.0,28.35,7.89,7.97,2.79,0.73,286.5
2024-03-18 05:00:00,96.3,1.0,28.35,7.89,7.97,2.79,0.73,286.5
2024-03-18 06:00:00,96.3,1.0,28.35,7.89,7.97,2.79,0.73,286.5
2024-03-18 07:00:00,96.3,1.0,28.35,7.89,7.97,2.79,0.73,286.5
2024-03-18 08:00:00,96.3,1.0,28.35,7.89,7.97,2.79,0.73,286.5
2024-03-18 09:00:00,96.3,1.0,28.35,7.89,7.97,2.79,0.73,286.5
2024-03-18 10:00:00,96.3,1.0,28.35,7.89,7.97,2.79,0.73,286.5
2024-03-18 11:00:00,96.3,1.0,28.35,7.89,7.97,2.79,0.73,286.5
2024-03-18 12:00:00,96.3,1.0,28.35,7.89,7.97,2.79,0.73,286.5
2024-03-18 13:00:00,96.3,1.0,28.35,7.89,7.97,2.79,0.73,286.5
2024-03-18 14:00:00,96.3,1.0,28.35,7.89,7.97,2.79,0.73,286.5
2024-03-18 15:00:00,96.3,1.0,28.35,7.89,7.97,2.79,0.73,286.5
2024-03-18 16:00:00,96.3,1.0,28.35,7.89,7.97,2.79,0.73,286.5
2024-03-18 17:00:00,96.3,1.0,28.35,7.89,7.97,2.79,0.73,286.5
2024-03-18 18:00:00,96.3,1.0,28.35,7.89,7.97,2.79,0.73,286.5
2024-03-18 19:00:00,96.3,1.0,28.35,7.89,7.97,2.79,0.73,286.5
2024-03-18 20:00:00,96.3,1.0,28.35,7.89,7.97,2.79,0.73,286.5
2024-03-18 21:00:00,96.3,1.0,28.35,7.89,7.97,2.79,0.73,286.5
2024-03-18 22:00:00,96.3,1.0,28.35,7.89,7.97,2.79,0.73,286.5
2024-03-18 23:00:00,96.3,1.0,28.35,7.89,7.97,2.79,0.73,286.5
2024-03-19 00:00:00,96.3,1.0,28.35,7.89,7.97,2.79,0.73,286.5
2024-03-19 01:00:00,96.3,1.0,28.35,7.89,7.97,2.79,0.73,286.5
2024-03-19 02:00:00,96.3,1.0,28.35,7.89,7.97,2.79,0.73,286.5
2024-03-19 03:00:00,96.3,1.0,28.35,7.89,7.97,2.79,0.73,286.5
2024-03-19 04:00:00,96.3,1.0,28.35,7.89,7.97,2.79,0.73,286.5
2024-03-19 05:00:00,96.3,1.0,28.35,7.89,7.97,2.79,0.73,286.5
2024-03-19 06:00:00,96.3,1.0,28.35,7.89,7.97,2.79,0.73,286.5
2024-03-19 07:00:00,96.3,1.0,28.35,7.89,7.97,2.79,0.73,286.5
2024-03-19 08:00:00,96.3,1.0,28.35,7.89,7.97,2.79,0.73,286.5
2024-03-19 09:00:00,96.3,1.0,28.35,7.89,7.97,2.79,0.73,286.5
2024-03-19 10:00:00,96.3,1.0,28.35,7.89,7.97,2.79,0.73,286.5
2024-03-19 11:00:00,96.3,1.0,28.35,7.89,7.97,2.79,0.73,286.5
2024-03-19 12:00:00,96.3,1.0,28.35,7.89,7.97,2.79,0.73,286.5
2024-03-19 13:00:00,96.3,1.0,28.35,7.89,7.97,2.79,0.73,286.5
2024-03-19 14:00:00,96.3,1.0,28.35,7.89,7.97,2.79,0.73,286.5
2024-03-19 15:00:00,96.3,1.0,28.35,7.89,7.97,2.79,0.73,286.5
2024-03-19 16:00:00,96.3,1.0,28.35,7.89,7.97,2.79,0.73,286.5
2024-03-19 17:00:00,96.3,1.0,28.35,7.89,7.97,2.79,0.73,286.5
2024-03-19 18:00:00,96.3,1.0,28.35,7.89,7.97,2.79,0.73,286.5
2024-03-19 19:00:00,96.3,1.0,28.35,7.89,7.97,2.79,0.73,286.5
2024-03-19 20:00:00,96.3,1.0,28.35,7.89,7.97,2.79,0.73,286.5
2024-03-19 21:00:00,96.3,1.0,28.35,7.89,7.97,2.79,0.73,286.5
2024-03-19 22:00:00,96.3,1.0,28.35,7.89,7.97,2.79,0.73,286.5
2024-03-19 23:00:00,96.3,1.0,28.35,7.89,7.97,2.79,0.73,286.5
2024-03-20 00:00:00,96.3,1.0,28.35,7.89,7.97,2.79,0.73,286.5
2024-03-20 01:00:00,96.3,1.0,28.35,7.89,7.97,2.79,0.73,286.5
2024-03-20 02:00:00,96.3,1.0,28.35,7.89,7.97,2.79,0.73,286.5
2024-03-20 03:00:00,96.3,1.0,28.35,7.89,7.97,2.79,0.73,286.5
2024-03-20 04:00:00,96.3,1.0,28.35,7.89,7.97,2.79,0.73,286.5
2024-03-20 05:00:00,96.3,1.0,28.35,7.89,7.97,2.79,0.73,286.5
2024-03-20 06:00:00,96.3,1.0,28.35,7.89,7.97,2.79,0.73,286.5
2024-03-20 07:00:00,96.3,1.0,28.35,7.89,7.97,2.79,0.73,286.5
2024-03-20 08:00:00,96.3,1.0,28.35,7.89,7.97,2.79,0.73,286.5
2024-03-20 09:00:00,96.3,1.0,28.35,7.89,7.97,2.79,0.73,286.5
2024-03-20 10:00:00,96.3,1.0,28.35,7.89,7.97,2.79,0.73,286.5
2024-03-20 11:00:00,96.3,1.0,28.35,7.89,7.97,2.79,0.73,286.5
2024-03-20 12:00:00,96.3,1.0,28.35,7.89,7.97,2.79,0.73,286.5
2024-03-20 13:00:00,96.3,1.0,28.35,7.89,7.97,2.79,0.73,286.5
2024-03-20 14:00:00,96.3,1.0,28.35,7.89,7.97,2.79,0.73,286.5
2024-03-20 15:00:00,96.3,1.0,28.35,7.89,7.97,2.79,0.73,286.5
2024-03-20 16:00:00,96.3,1.0,28.35,7.89,7.97,2.79,0.73,286.5
2024-03-20 17:00:00,96.3,1.0,28.35,7.89,7.97,2.79,0.73,286.5
2024-03-20 18:00:00,96.3,1.0,28.35,7.89,7.97,2.79,0.73,286.5
2024-03-20 19:00:00,96.3,1.0,28.35,7.89,7.97,2.79,0.73,286.5
2024-03-20 20:00:00,96.3,1.0,28.35,7.89,7.97,2.79,0.73,286.5
2024-03-20 21:00:00,96.3,1.0,28.35,7.89,7.97,2.79,0.73,286.5
2024-03-20 22:00:00,96.3,1.0,28.35,7.89,7.97,2.79,0.73,286.5
2024-03-20 23:00:00,96.3,1.0,28.35,7.89,7.97,2.79,0.73,286.5
2024-03-21 00:00:00,96.3,1.0,28.35,7.89,7.97,2.79,0.73,286.5
2024-03-21 01:00:00,96.3,1.0,28.35,7.89,7.97,2.79,0.73,286.5
2024-03-21 02:00:00,96.3,1.0,28.35,7.89,7.97,2.79,0.73,286.5
2024-03-21 03:00:00,96.3,1.0,28.35,7.89,7.97,2.79,0.73,286.5
2024-03-21 04:00:00,96.3,1.0,28.35,7.89,7.97,2.79,0.73,286.5
2024-03-21 05:00:00,96.3,1.0,28.35,7.89,7.97,2.79,0.73,286.5
2024-03-21 06:00:00,96.3,1.0,28.35,7.89,7.97,2.79,0.73,286.5
2024-03-21 07:00:00,96.3,1.0,28.35,7.89,7.97,2.79,0.73,286.5
2024-03-21 08:00:00,96.3,1.0,28.35,7.89,7.97,2.79,0.73,286.5
2024-03-21 09:00:00,96.3,1.0,28.35,7.89,7.97,2.79,0.73,286.5
2024-03-21 10:00:00,96.3,1.0,28.35,7.89,7.97,2.79,0.73,286.5
2024-03-21 11:00:00,96.3,1.0,28.35,7.89,7.97,2.79,0.73,286.5
2024-03-21 12:00:00,96.3,1.0,28.35,7.89,7.97,2.79,0.73,286.5
2024-03-21 13:00:00,96.3,1.0,28.35,7.89,7.97,2.79,0.73,286.5
2024-03-21 14:00:00,96.3,1.0,28.35,7.89,7.97,2.79,0.73,286.5
2024-03-21 15:00:00,96.3,1.0,28.35,7.89,7.97,2.79,0.73,286.5
2024-03-21 16:00:00,96.3,1.0,28.35,7.89,7.97,2.79,0.73,286.5
2024-03-21 17:00:00,96.3,1.0,28.35,7.89,7.97,2.79,0.73,286.5
2024-03-21 18:00:00,96.3,1.0,28.35,7.89,7.97,2.79,0.73,286.5
2024-03-21 19:00:00,96.3,1.0,28.35,7.89,7.97,2.79,0.73,286.5
2024-03-21 20:00:00,96.3,1.0,28.35,7.89,7.97,2.79,0.73,286.5
2024-03-21 21:00:00,96.3,1.0,28.35,7.89,7.97,2.79,0.73,286.5
2024-03-21 22:00:00,96.3,1.0,28.35,7.89,7.97,2.79,0.73,286.5
2024-03-21 23:00:00,96.3,1.0,28.35,7.89,7.97,2.79,0.73,286.5
2024-03-22 00:00:00,96.3,1.0,28.35,7.89,7.97,2.79,0.73,286.5
2024-03-22 01:00:00,96.3,1.0,28.35,7.89,7.97,2.79,0.73,286.5
2024-03-22 02:00:00,96.3,1.0,28.35,7.89,7.97,2.79,0.73,286.5
2024-03-22 03:00:00,96.3,1.0,28.35,7.89,7.97,2.79,0.73,286.5
2024-03-22 04:00:00,96.3,1.0,28.35,7.89,7.97,2.79,0.73,286.5
2024-03-22 05:00:00,96.3,1.0,28.35,7.89,7.97,2.79,0.73,286.5
2024-03-22 06:00:00,96.3,1.0,28.35,7.89,7.97,2.79,0.73,286.5
2024-03-22 07:00:00,96.3,1.0,28.35,7.89,7.97,2.79,0.73,286.5
2024-03-22 08:00:00,96.3,1.0,28.35,7.89,7.97,2.79,0.73,286.5
2024-03-22 09:00:00,96.3,1.0,28.35,7.89,7.97,2.79,0.73,286.5
2024-03-22 10:00:00,96.3,1.0,28.35,7.89,7.97,2.79,0.73,286.5
2024-03-22 11:00:00,96.3,1.0,28.35,7.89,7.97,2.79,0.73,286.5
2024-03-22 12:00:00,96.3,1.0,28.35,7.89,7.97,2.79,0.73,286.5
2024-03-22 13:00:00,96.3,1.0,28.35,7.89,7.97,2.79,0.73,286.5
2024-03-22 14:00:00,96.3,1.0,28.35,7.89,7.97,2.79,0.73,286.5
2024-03-22 15:00:00,96.3,1.0,28.35,7.89,7.97,2.79,0.73,286.5
2024-03-22 16:00:00,96.3,1.0,28.35,7.89,7.97,2.79,0.73,286.5
2024-03-22 17:00:00,96.3,1.0,28.35,7.89,7.97,2.79,0.73,286.5
2024-03-22 18:00:00,96.3,1.0,28.35,7.89,7.97,2.79,0.73,286.5
2024-03-22 19:00:00,96.3,1.0,28.35,7.89,7.97,2.79,0.73,286.5
2024-03-22 20:00:00,96.3,1.0,28.35,7.89,7.97,2.79,0.73,286.5
2024-03-22 21:00:00,96.3,1.0,28.35,7.89,7.97,2.79,0.73,286.5
2024-03-22 22:00:00,96.3,1.0,28.35,7.89,7.97,2.79,0.73,286.5
2024-03-22 23:00:00,96.3,1.0,28.35,7.89,7.97,2.79,0.73,286.5
2024-03-23 00:00:00,96.3,1.0,28.35,7.89,7.97,2.79,0.73,286.5
2024-03-23 01:00:00,96.3,1.0,28.35,7.89,7.97,2.79,0.73,286.5
2024-03-23 02:00:00,96.3,1.0,28.35,7.89,7.97,2.79,0.73,286.5
2024-03-23 03:00:00,96.3,1.0,28.35,7.89,7.97,2.79,0.73,286.5
2024-03-23 04:00:00,96.3,1.0,28.35,7.89,7.97,2.79,0.73,286.5
2024-03-23 05:00:00,96.3,1.0,28.35,7.89,7.97,2.79,0.73,286.5
2024-03-23 06:00:00,96.3,1.0,28.35,7.89,7.97,2.79,0.73,286.5
2024-03-23 07:00:00,96.3,1.0,28.35,7.89,7.97,2.79,0.73,286.5
2024-03-23 08:00:00,96.3,1.0,28.35,7.89,7.97,2.79,0.73,286.5
2024-03-23 09:00:00,96.3,1.0,28.35,7.89,7.97,2.79,0.73,286.5
2024-03-23 10:00:00,96.3,1.0,28.35,7.89,7.97,2.79,0.73,286.5
2024-03-23 11:00:00,96.3,1.0,28.35,7.89,7.97,2.79,0.73,286.5
2024-03-23 12:00:00,96.3,1.0,28.35,7.89,7.97,2.79,0.73,286.5
2024-03-23 13:00:00,96.3,1.0,28.35,7.89,7.97,2.79,0.73,286.5
2024-03-23 14:00:00,96.3,1.0,28.35,7.89,7.97,2.79,0.73,286.5
2024-03-23 15:00:00,96.3,1.0,28.35,7.89,7.97,2.79,0.73,286.5
2024-03-23 16:00:00,96.3,1.0,28.35,7.89,7.97,2.79,0.73,286.5
2024-03-23 17:00:00,96.3,1.0,28.35,7.89,7.97,2.79,0.73,286.5
2024-03-23 18:00:00,96.3,1.0,28.35,7.89,7.97,2.79,0.73,286.5
2024-03-23 19:00:00,96.3,1.0,28.35,7.89,7.97,2.79,0.73,286.5
2024-03-23 20:00:00,96.3,1.0,28.35,7.89,7.97,2.79,0.73,286.5
2024-03-23 21:00:00,96.3,1.0,28.35,7.89,7.97,2.79,0.73,286.5
2024-03-23 22:00:00,96.3,1.0,28.35,7.89,7.97,2.79,0.73,286.5
2024-03-23 23:00:00,96.3,1.0,28.35,7.89,7.97,2.79,0.73,286.5
2024-03-24 00:00:00,96.3,1.0,28.35,7.89,7.97,2.79,0.73,286.5
2024-03-24 01:00:00,96.3,1.0,28.35,7.89,7.97,2.79,0.73,286.5
2024-03-24 02:00:00,96.3,1.0,28.35,7.89,7.97,2.79,0.73,286.5
2024-03-24 03:00:00,96.3,1.0,28.35,7.89,7.97,2.79,0.73,286.5
2024-03-24 04:00:00,96.3,1.0,28.35,7.89,7.97,2.79,0.73,286.5
2024-03-24 05:00:00,96.3,1.0,28.35,7.89,7.97,2.79,0.73,286.5
2024-03-24 06:00:00,96.3,1.0,28.35,7.89,7.97,2.79,0.73,286.5
2024-03-24 07:00:00,96.3,1.0,28.35,7.89,7.97,2.79,0.73,286.5
2024-03-24 08:00:00,96.3,1.0,28.35,7.89,7.97,2.79,0.73,286.5
2024-03-24 09:00:00,96.3,1.0,28.35,7.89,7.97,2.79,0.73,286.5
2024-03-24 10:00:00,96.3,1.0,28.35,7.89,7.97,2.79,0.73,286.5
2024-03-24 11:00:00,96.3,1.0,28.35,7.89,7.97,2.79,0.73,286.5
2024-03-24 12:00:00,96.3,1.0,28.35,7.89,7.97,2.79,0.73,286.5
2024-03-24 13:00:00,96.3,1.0,28.35,7.89,7.97,2.79,0.73,286.5
2024-03-24 14:00:00,96.3,1.0,28.35,7.89,7.97,2.79,0.73,286.5
2024-03-24 15:00:00,96.3,1.0,28.35,7.89,7.97,2.79,0.73,286.5
2024-03-24 16:00:00,96.3,1.0,28.35,7.89,7.97,2.79,0.73,286.5
2024-03-24 17:00:00,96.3,1.0,28.35,7.89,7.97,2.79,0.73,286.5
2024-03-24 18:00:00,96.3,1.0,28.35,7.89,7.97,2.79,0.73,286.5
2024-03-24 19:00:00,96.3,1.0,28.35,7.89,7.97,2.79,0.73,286.5
2024-03-24 20:00:00,96.3,1.0,28.35,7.89,7.97,2.79,0.73,286.5
2024-03-24 21:00:00,96.3,1.0,28.35,7.89,7.97,2.79,0.73,286.5
2024-03-24 22:00:00,96.3,1.0,28.35,7.89,7.97,2.79,0.73,286.5
2024-03-24 23:00:00,96.3,1.0,28.35,7.89,7.97,2.79,0.73,286.5
2024-03-25 00:00:00,96.3,1.0,28.35,7.89,7.97,2.79,0.73,286.5
2024-03-25 01:00:00,96.3,1.0,28.35,7.89,7.97,2.79,0.73,286.5
2024-03-25 02:00:00,96.3,1.0,28.35,7.89,7.97,2.79,0.73,286.5
2024-03-25 03:00:00,96.3,1.0,28.35,7.89,7.97,2.79,0.73,286.5
2024-03-25 04:00:00,96.3,1.0,28.35,7.89,7.97,2.79,0.73,286.5
2024-03-25 05:00:00,96.3,1.0,28.35,7.89,7.97,2.79,0.73,286.5
2024-03-25 06:00:00,96.3,1.0,28.35,7.89,7.97,2.79,0.73,286.5
2024-03-25 07:00:00,96.3,1.0,28.35,7.89,7.97,2.79,0.73,286.5
2024-03-25 08:00:00,96.3,1.0,28.35,7.89,7.97,2.79,0.73,286.5
2024-03-25 09:00:00,96.3,1.0,28.35,7.89,7.97,2.79,0.73,286.5
2024-03-25 10:00:00,96.3,1.0,28.35,7.89,7.97,2.79,0.73,286.5
2024-03-25 11:00:00,96.3,1.0,28.35,7.89,7.97,2.79,0.73,286.5
2024-03-25 12:00:00,96.3,1.0,28.35,7.89,7.97,2.79,0.73,286.5
2024-03-25 13:00:00,96.3,1.0,28.35,7.89,7.97,2.79,0.73,286.5
2024-03-25 14:00:00,96.3,1.0,28.35,7.89,7.97,2.79,0.73,286.5
2024-03-25 15:00:00,96.3,1.0,28.35,7.89,7.97,2.79,0.73,286.5
2024-03-25 16:00:00,96.3,1.0,28.35,7.89,7.97,2.79,0.73,286.5
2024-03-25 17:00:00,96.3,1.0,28.35,7.89,7.97,2.79,0.73,286.5
2024-03-25 18:00:00,96.3,1.0,28.35,7.89,7.97,2.79,0.73,286.5
2024-03-25 19:00:00,96.3,1.0,28.35,7.89,7.97,2.79,0.73,286.5
2024-03-25 20:00:00,96.3,1.0,28.35,7.89,7.97,2.79,0.73,286.5
2024-03-25 21:00:00,96.3,1.0,28.35,7.89,7.97,2.79,0.73,286.5
2024-03-25 22:00:00,96.3,1.0,28.35,7.89,7.97,2.79,0.73,286.5
2024-03-25 23:00:00,96.3,1.0,28.35,7.89,7.97,2.79,0.73,286.5
2024-03-26 00:00:00,96.3,1.0,28.35,7.89,7.97,2.79,0.73,286.5
2024-03-26 01:00:00,96.3,1.0,28.35,7.89,7.97,2.79,0.73,286.5
2024-03-26 02:00:00,96.3,1.0,28.35,7.89,7.97,2.79,0.73,286.5
2024-03-26 03:00:00,96.3,1.0,28.35,7.89,7.97,2.79,0.73,286.5
2024-03-26 04:00:00,96.3,1.0,28.35,7.89,7.97,2.79,0.73,286.5
2024-03-26 05:00:00,96.3,1.0,28.35,7.89,7.97,2.79,0.73,286.5
2024-03-26 06:00:00,96.3,1.0,28.35,7.89,7.97,2.79,0.73,286.5
2024-03-26 07:00:00,96.3,1.0,28.35,7.89,7.97,2.79,0.73,286.5
2024-03-26 08:00:00,96.3,1.0,28.35,7.89,7.97,2.79,0.73,286.5
2024-03-26 09:00:00,96.3,1.0,28.35,7.89,7.97,2.79,0.73,286.5
2024-03-26 10:00:00,96.3,1.0,28.35,7.89,7.97,2.79,0.73,286.5
2024-03-26 11:00:00,96.3,1.0,28.35,7.89,7.97,2.79,0.73,286.5
2024-03-26 12:00:00,96.3,1.0,28.35,7.89,7.97,2.79,0.73,286.5
2024-03-26 13:00:00,96.3,1.0,28.35,7.89,7.97,2.79,0.73,286.5
2024-03-26 14:00:00,96.3,1.0,28.35,7.89,7.97,2.79,0.73,286.5
2024-03-26 15:00:00,96.3,1.0,28.35,7.89,7.97,2.79,0.73,286.5
2024-03-26 16:00:00,96.3,1.0,28.35,7.89,7.97,2.79,0.73,286.5
2024-03-26 17:00:00,96.3,1.0,28.35,7.89,7.97,2.79,0.73,286.5
2024-03-26 18:00:00,96.3,1.0,28.35,7.89,7.97,2.79,0.73,286.5
2024-03-26 19:00:00,96.3,1.0,28.35,7.89,7.97,2.79,0.73,286.5
2024-03-26 20:00:00,96.3,1.0,28.35,7.89,7.97,2.79,0.73,286.5
2024-03-26 21:00:00,96.3,1.0,28.35,7.89,7.97,2.79,0.73,286.5
2024-03-26 22:00:00,96.3,1.0,28.35,7.89,7.97,2.79,0.73,286.5
2024-03-26 23:00:00,96.3,1.0,28.35,7.89,7.97,2.79,0.73,286.5
2024-03-27 00:00:00,96.3,1.0,28.35,7.89,7.97,2.79,0.73,286.5
2024-03-27 01:00:00,96.3,1.0,28.35,7.89,7.97,2.79,0.73,286.5
2024-03-27 02:00:00,96.3,1.0,28.35,7.89,7.97,2.79,0.73,286.5
2024-03-27 03:00:00,96.3,1.0,28.35,7.89,7.97,2.79,0.73,286.5
2024-03-27 04:00:00,96.3,1.0,28.35,7.89,7.97,2.79,0.73,286.5
2024-03-27 05:00:00,96.3,1.0,28.35,7.89,7.97,2.79,0.73,286.5
2024-03-27 06:00:00,96.2632967032967,1.0,28.34285714285715,7.873516483516483,7.969340659340659,2.803076923076923,0.7741758241758242,286.3932967032967
2024-03-27 07:00:00,96.22659340659341,1.0,28.33571428571429,7.857032967032967,7.968681318681319,2.816153846153846,0.8183516483516483,286.2865934065934
2024-03-27 08:00:00,96.1898901098901,1.0,28.32857142857143,7.84054945054945,7.968021978021977,2.829230769230769,0.8625274725274725,286.1798901098901
2024-03-27 09:00:00,96.1531868131868,1.0,28.32142857142857,7.824065934065934,7.967362637362637,2.842307692307692,0.9067032967032966,286.0731868131868
2024-03-27 10:00:00,96.11648351648351,1.0,28.31428571428572,7.807582417582418,7.966703296703296,2.855384615384615,0.9508791208791209,285.9664835164835
2024-03-27 11:00:00,96.07978021978022,1.0,28.30714285714286,7.791098901098901,7.966043956043956,2.868461538461538,0.9950549450549451,285.8597802197802
2024-03-27 12:00:00,96.04307692307692,1.0,28.3,7.774615384615385,7.965384615384616,2.881538461538462,1.039230769230769,285.7530769230769
2024-03-27 13:00:00,96.00637362637363,1.0,28.29285714285714,7.758131868131867,7.964725274725274,2.894615384615385,1.083406593406593,285.6463736263736
2024-03-27 14:00:00,95.96967032967032,1.0,28.28571428571429,7.741648351648351,7.964065934065934,2.907692307692308,1.127582417582417,285.5396703296703
2024-03-27 15:00:00,95.93296703296703,1.0,28.27857142857143,7.725164835164835,7.963406593406593,2.920769230769231,1.171758241758242,285.432967032967
2024-03-27 16:00:00,95.89626373626373,1.0,28.27142857142857,7.708681318681318,7.962747252747253,2.933846153846154,1.215934065934066,285.3262637362637
2024-03-27 17:00:00,95.85956043956044,1.0,28.26428571428572,7.692197802197802,7.962087912087912,2.946923076923077,1.26010989010989,285.2195604395604
2024-03-27 18:00:00,95.82285714285715,1.0,28.25714285714286,7.675714285714285,7.961428571428571,2.96,1.304285714285714,285.1128571428571
2024-03-27 19:00:00,95.78615384615384,1.0,28.25,7.659230769230769,7.96076923076923,2.973076923076923,1.348461538461538,285.0061538461538
2024-03-27 20:00:00,95.74945054945054,1.0,28.24285714285714,7.642747252747252,7.96010989010989,2.986153846153846,1.392637362637362,284.8994505494505
2024-03-27 21:00:00,95.71274725274725,1.0,28.23571428571429,7.626263736263736,7.959450549450549,2.999230769230769,1.436813186813187,284.7927472527472
2024-03-27 22:00:00,95.67604395604396,1.0,28.22857142857143,7.60978021978022,7.958791208791209,3.012307692307692,1.480989010989011,284.6860439560439
2024-03-27 23:00:00,95.63934065934066,1.0,28.22142857142857,7.593296703296703,7.958131868131868,3.025384615384616,1.525164835164835,284.5793406593407
2024-03-28 00:00:00,95.60263736263735,1.0,28.21428571428572,7.576813186813187,7.957472527472527,3.038461538461538,1.569340659340659,284.4726373626374
2024-03-28 01:00:00,95.56593406593406,1.0,28.20714285714286,7.56032967032967,7.956813186813187,3.051538461538462,1.613516483516483,284.3659340659341
2024-03-28 02:00:00,95.52923076923076,1.0,28.2,7.543846153846154,7.956153846153846,3.064615384615385,1.657692307692308,284.2592307692308
2024-03-28 03:00:00,95.49252747252747,1.0,28.19285714285714,7.527362637362637,7.955494505494506,3.077692307692308,1.701868131868132,284.1525274725275
2024-03-28 04:00:00,95.45582417582418,1.0,28.18571428571429,7.510879120879121,7.954835164835164,3.090769230769231,1.746043956043956,284.0458241758242
2024-03-28 05:00:00,95.41912087912088,1.0,28.17857142857143,7.494395604395604,7.954175824175824,3.103846153846154,1.79021978021978,283.9391208791209
2024-03-28 06:00:00,95.38241758241757,1.0,28.17142857142857,7.477912087912087,7.953516483516483,3.116923076923077,1.834395604395604,283.8324175824176
2024-03-28 07:00:00,95.34571428571428,1.0,28.16428571428571,7.461428571428571,7.952857142857143,3.13,1.878571428571428,283.7257142857143
2024-03-28 08:00:00,95.30901098901099,1.0,28.15714285714286,7.444945054945054,7.952197802197802,3.143076923076923,1.922747252747253,283.619010989011
2024-03-28 09:00:00,95.27230769230769,1.0,28.15,7.428461538461538,7.951538461538461,3.156153846153846,1.966923076923077,283.5123076923077
2024-03-28 10:00:00,95.2356043956044,1.0,28.14285714285714,7.411978021978022,7.950879120879121,3.169230769230769,2.011098901098901,283.4056043956044
2024-03-28 11:00:00,95.19890109890109,1.0,28.13571428571429,7.395494505494505,7.95021978021978,3.182307692307692,2.055274725274725,283.2989010989011
2024-03-28 12:00:00,95.1621978021978,1.0,28.12857142857143,7.379010989010989,7.94956043956044,3.195384615384615,2.099450549450549,283.1921978021978
2024-03-28 13:00:00,95.1254945054945,1.0,28.12142857142857,7.362527472527472,7.948901098901099,3.208461538461538,2.143626373626374,283.0854945054945
2024-03-28 14:00:00,95.0887912087912,1.0,28.11428571428571,7.346043956043956,7.948241758241758,3.221538461538461,2.187802197802197,282.9787912087912
2024-03-28 15:00:00,95.05208791208791,1.0,28.10714285714286,7.329560439560439,7.947582417582417,3.234615384615385,2.231978021978022,282.8720879120879
2024-03-28 16:00:00,95.0153846153846,1.0,28.1,7.313076923076923,7.946923076923077,3.247692307692308,2.276153846153846,282.7653846153846
2024-03-28 17:00:00,94.97868131868131,1.0,28.09285714285714,7.296593406593407,7.946263736263736,3.260769230769231,2.32032967032967,282.6586813186813
2024-03-28 18:00:00,94.94197802197802,1.0,28.08571428571429,7.280109890109889,7.945604395604396,3.273846153846154,2.364505494505494,282.551978021978
2024-03-28 19:00:00,94.90527472527472,1.0,28.07857142857143,7.263626373626373,7.944945054945054,3.286923076923077,2.408681318681318,282.4452747252747
2024-03-28 20:00:00,94.86857142857143,1.0,28.07142857142857,7.247142857142856,7.944285714285714,3.3,2.452857142857143,282.3385714285714
2024-03-28 21:00:00,94.83186813186813,1.0,28.06428571428571,7.23065934065934,7.943626373626373,3.313076923076923,2.497032967032967,282.2318681318682
2024-03-28 22:00:00,94.79516483516483,1.0,28.05714285714286,7.214175824175824,7.942967032967033,3.326153846153846,2.541208791208791,282.1251648351649
2024-03-28 23:00:00,94.75846153846153,1.0,28.05,7.197692307692307,7.942307692307693,3.339230769230769,2.585384615384615,282.0184615384616
2024-03-29 00:00:00,94.72175824175824,1.0,28.04285714285714,7.181208791208791,7.941648351648351,3.352307692307692,2.629560439560439,281.9117582417583
2024-03-29 01:00:00,94.68505494505494,1.0,28.03571428571428,7.164725274725274,7.940989010989011,3.365384615384615,2.673736263736263,281.805054945055
2024-03-29 02:00:00,94.64835164835165,1.0,28.02857142857143,7.148241758241758,7.94032967032967,3.378461538461539,2.717912087912087,281.6983516483517
2024-03-29 03:00:00,94.61164835164834,1.0,28.02142857142857,7.131758241758241,7.93967032967033,3.391538461538461,2.762087912087912,281.5916483516484
2024-03-29 04:00:00,94.57494505494505,1.0,28.01428571428572,7.115274725274725,7.939010989010989,3.404615384615385,2.806263736263736,281.4849450549451
2024-03-29 05:00:00,94.53824175824175,1.0,28.00714285714286,7.098791208791209,7.938351648351649,3.417692307692308,2.85043956043956,281.3782417582418
2024-03-29 06:00:00,94.50153846153846,1.0,28.0,7.082307692307692,7.937692307692307,3.430769230769231,2.894615384615384,281.2715384615385
2024-03-29 07:00:00,94.46483516483516,1.0,27.99285714285714,7.065824175824176,7.937032967032967,3.443846153846154,2.938791208791208,281.1648351648352
2024-03-29 08:00:00,94.42813186813186,1.0,27.98571428571429,7.049340659340659,7.936373626373626,3.456923076923077,2.982967032967033,281.0581318681319
2024-03-29 09:00:00,94.39142857142856,1.0,27.97857142857143,7.032857142857143,7.935714285714286,3.47,3.027142857142857,280.9514285714286
2024-03-29 10:00:00,94.35472527472527,1.0,27.97142857142857,7.016373626373626,7.935054945054945,3.483076923076923,3.071318681318681,280.8447252747253
2024-03-29 11:00:00,94.31802197802197,1.0,27.96428571428572,6.999890109890109,7.934395604395604,3.496153846153846,3.115494505494505,280.738021978022
2024-03-29 12:00:00,94.28131868131868,1.0,27.95714285714286,6.983406593406593,7.933736263736264,3.509230769230769,3.159670329670329,280.6313186813187
2024-03-29 13:00:00,94.24461538461539,1.0,27.95,6.966923076923076,7.933076923076923,3.522307692307693,3.203846153846154,280.5246153846154
2024-03-29 14:00:00,94.20791208791208,1.0,27.94285714285714,6.95043956043956,7.932417582417583,3.535384615384615,3.248021978021978,280.4179120879121
2024-03-29 15:00:00,94.17120879120878,1.0,27.93571428571429,6.933956043956043,7.931758241758242,3.548461538461539,3.292197802197802,280.3112087912088
2024-03-29 16:00:00,94.13450549450549,1.0,27.92857142857143,6.917472527472527,7.931098901098901,3.561538461538461,3.336373626373626,280.2045054945055
2024-03-29 17:00:00,94.0978021978022,1.0,27.92142857142857,6.900989010989011,7.93043956043956,3.574615384615385,3.38054945054945,280.0978021978022
2024-03-29 18:00:00,94.0610989010989,1.0,27.91428571428571,6.884505494505494,7.92978021978022,3.587692307692308,3.424725274725275,279.9910989010989
2024-03-29 19:00:00,94.0243956043956,1.0,27.90714285714286,6.868021978021978,7.929120879120879,3.600769230769231,3.468901098901099,279.8843956043956
2024-03-29 20:00:00,93.9876923076923,1.0,27.9,6.851538461538461,7.928461538461539,3.613846153846154,3.513076923076923,279.7776923076923
2024-03-29 21:00:00,93.950989010989,1.0,27.89285714285714,6.835054945054945,7.927802197802198,3.626923076923077,3.557252747252747,279.670989010989
2024-03-29 22:00:00,93.91428571428571,1.0,27.88571428571429,6.818571428571429,7.927142857142857,3.64,3.601428571428571,279.5642857142857
2024-03-29 23:00:00,93.87758241758242,1.0,27.87857142857143,6.802087912087911,7.926483516483517,3.653076923076923,3.645604395604395,279.4575824175824
2024-03-30 00:00:00,93.84087912087911,1.0,27.87142857142857,6.785604395604395,7.925824175824176,3.666153846153846,3.689780219780219,279.3508791208791
2024-03-30 01:00:00,93.80417582417581,1.0,27.86428571428571,6.769120879120878,7.925164835164836,3.679230769230769,3.733956043956044,279.2441758241758
2024-03-30 02:00:00,93.76747252747252,1.0,27.85714285714286,6.752637362637362,7.924505494505494,3.692307692307693,3.778131868131868,279.1374725274725
2024-03-30 03:00:00,93.73076923076923,1.0,27.85,6.736153846153845,7.923846153846154,3.705384615384615,3.822307692307692,279.0307692307692
2024-03-30 04:00:00,93.69406593406593,1.0,27.84285714285714,6.719670329670329,7.923186813186813,3.718461538461538,3.866483516483516,278.9240659340659
2024-03-30 05:00:00,93.65736263736264,1.0,27.83571428571429,6.703186813186813,7.922527472527473,3.731538461538461,3.91065934065934,278.8173626373626
2024-03-30 06:00:00,93.62065934065933,1.0,27.82857142857143,6.686703296703296,7.921868131868132,3.744615384615384,3.954835164835164,278.7106593406593
2024-03-30 07:00:00,93.58395604395604,1.0,27.82142857142857,6.67021978021978,7.921208791208791,3.757692307692308,3.999010989010988,278.603956043956
2024-03-30 08:00:00,93.54725274725274,1.0,27.81428571428571,6.653736263736263,7.92054945054945,3.770769230769231,4.043186813186813,278.4972527472528
2024-03-30 09:00:00,93.51054945054945,1.0,27.80714285714286,6.637252747252747,7.91989010989011,3.783846153846154,4.087362637362637,278.3905494505495
2024-03-30 10:00:00,93.47384615384615,1.0,27.8,6.620769230769231,7.91923076923077,3.796923076923077,4.131538461538462,278.2838461538462
2024-03-30 11:00:00,93.43714285714285,1.0,27.79285714285714,6.604285714285714,7.918571428571429,3.81,4.175714285714285,278.1771428571429
2024-03-30 12:00:00,93.40043956043955,1.0,27.78571428571428,6.587802197802198,7.917912087912088,3.823076923076923,4.219890109890109,278.0704395604396
2024-03-30 13:00:00,93.36373626373626,1.0,27.77857142857143,6.571318681318681,7.917252747252747,3.836153846153846,4.264065934065933,277.9637362637363
2024-03-30 14:00:00,93.32703296703296,1.0,27.77142857142857,6.554835164835165,7.916593406593407,3.849230769230769,4.308241758241758,277.857032967033
2024-03-30 15:00:00,93.29032967032967,1.0,27.76428571428571,6.538351648351648,7.915934065934066,3.862307692307692,4.352417582417582,277.7503296703297
2024-03-30 16:00:00,93.25362637362636,1.0,27.75714285714286,6.521868131868132,7.915274725274726,3.875384615384616,4.396593406593406,277.6436263736264
2024-03-30 17:00:00,93.21692307692307,1.0,27.75,6.505384615384616,7.914615384615384,3.888461538461538,4.440769230769231,277.5369230769231
2024-03-30 18:00:00,93.18021978021977,1.0,27.74285714285714,6.488901098901098,7.913956043956044,3.901538461538462,4.484945054945054,277.4302197802198
2024-03-30 19:00:00,93.14351648351648,1.0,27.73571428571428,6.472417582417582,7.913296703296703,3.914615384615384,4.529120879120878,277.3235164835165
2024-03-30 20:00:00,93.10681318681318,1.0,27.72857142857143,6.455934065934065,7.912637362637363,3.927692307692308,4.573296703296703,277.2168131868132
2024-03-30 21:00:00,93.07010989010989,1.0,27.72142857142857,6.439450549450549,7.911978021978022,3.940769230769231,4.617472527472527,277.1101098901099
2024-03-30 22:00:00,93.03340659340658,1.0,27.71428571428572,6.422967032967033,7.911318681318681,3.953846153846154,4.661648351648351,277.0034065934066
2024-03-30 23:00:00,92.99670329670329,1.0,27.70714285714286,6.406483516483516,7.910659340659341,3.966923076923077,4.705824175824175,276.8967032967033
2024-03-31 00:00:00,92.96,1.0,27.7,6.39,7.91,3.98,4.75,276.79
2024-03-31 01:00:00,92.96,1.0,27.7,6.39,7.91,3.98,4.75,276.79
2024-03-31 02:00:00,92.96,1.0,27.7,6.39,7.91,3.98,4.75,276.79
2024-03-31 03:00:00,92.96,1.0,27.7,6.39,7.91,3.98,4.75,276.79
2024-03-31 04:00:00,92.96,1.0,27.7,6.39,7.91,3.98,4.75,276.79
2024-03-31 05:00:00,92.96,1.0,27.7,6.39,7.91,3.98,4.75,276.79
2024-03-31 06:00:00,92.96,1.0,27.7,6.39,7.91,3.98,4.75,276.79
2024-03-31 07:00:00,92.96,1.0,27.7,6.39,7.91,3.98,4.75,276.79
2024-03-31 08:00:00,92.96,1.0,27.7,6.39,7.91,3.98,4.75,276.79
2024-03-31 09:00:00,92.96,1.0,27.7,6.39,7.91,3.98,4.75,276.79
2024-03-31 10:00:00,92.96,1.0,27.7,6.39,7.91,3.98,4.75,276.79
2024-03-31 11:00:00,92.96,1.0,27.7,6.39,7.91,3.98,4.75,276.79
2024-03-31 12:00:00,92.96,1.0,27.7,6.39,7.91,3.98,4.75,276.79
2024-03-31 13:00:00,92.96,1.0,27.7,6.39,7.91,3.98,4.75,276.79
2024-03-31 14:00:00,92.96,1.0,27.7,6.39,7.91,3.98,4.75,276.79
2024-03-31 15:00:00,92.96,1.0,27.7,6.39,7.91,3.98,4.75,276.79
2024-03-31 16:00:00,92.96,1.0,27.7,6.39,7.91,3.98,4.75,276.79
2024-03-31 17:00:00,92.96,1.0,27.7,6.39,7.91,3.98,4.75,276.79
2024-03-31 18:00:00,92.96,1.0,27.7,6.39,7.91,3.98,4.75,276.79
2024-03-31 19:00:00,92.96,1.0,27.7,6.39,7.91,3.98,4.75,276.79
2024-03-31 20:00:00,92.96,1.0,27.7,6.39,7.91,3.98,4.75,276.79
2024-03-31 21:00:00,92.96,1.0,27.7,6.39,7.91,3.98,4.75,276.79
2024-03-31 22:00:00,92.96,1.0,27.7,6.39,7.91,3.98,4.75,276.79
2024-03-31 23:00:00,92.96,1.0,27.7,6.39,7.91,3.98,4.75,276.79
2024-04-01 00:00:00,92.96,1.0,27.7,6.39,7.91,3.98,4.75,276.79
2024-04-01 01:00:00,92.96,1.0,27.7,6.39,7.91,3.98,4.75,276.79
2024-04-01 02:00:00,92.96,1.0,27.7,6.39,7.91,3.98,4.75,276.79
2024-04-01 03:00:00,92.96,1.0,27.7,6.39,7.91,3.98,4.75,276.79
2024-04-01 04:00:00,92.96,1.0,27.7,6.39,7.91,3.98,4.75,276.79
2024-04-01 05:00:00,92.96,1.0,27.7,6.39,7.91,3.98,4.75,276.79
2024-04-01 06:00:00,92.96,1.0,27.7,6.39,7.91,3.98,4.75,276.79
2024-04-01 07:00:00,92.96,1.0,27.7,6.39,7.91,3.98,4.75,276.79
2024-04-01 08:00:00,92.96,1.0,27.7,6.39,7.91,3.98,4.75,276.79
2024-04-01 09:00:00,92.96,1.0,27.7,6.39,7.91,3.98,4.75,276.79
2024-04-01 10:00:00,92.96,1.0,27.7,6.39,7.91,3.98,4.75,276.79
2024-04-01 11:00:00,92.96,1.0,27.7,6.39,7.91,3.98,4.75,276.79
2024-04-01 12:00:00,92.96,1.0,27.7,6.39,7.91,3.98,4.75,276.79
2024-04-01 13:00:00,92.96,1.0,27.7,6.39,7.91,3.98,4.75,276.79
2024-04-01 14:00:00,92.96,1.0,27.7,6.39,7.91,3.98,4.75,276.79
2024-04-01 15:00:00,92.96,1.0,27.7,6.39,7.91,3.98,4.75,276.79
2024-04-01 16:00:00,92.96,1.0,27.7,6.39,7.91,3.98,4.75,276.79
2024-04-01 17:00:00,92.96,1.0,27.7,6.39,7.91,3.98,4.75,276.79
2024-04-01 18:00:00,92.96,1.0,27.7,6.39,7.91,3.98,4.75,276.79
2024-04-01 19:00:00,92.96,1.0,27.7,6.39,7.91,3.98,4.75,276.79
2024-04-01 20:00:00,92.96,1.0,27.7,6.39,7.91,3.98,4.75,276.79
2024-04-01 21:00:00,92.96,1.0,27.7,6.39,7.91,3.98,4.75,276.79
2024-04-01 22:00:00,92.96,1.0,27.7,6.39,7.91,3.98,4.75,276.79
2024-04-01 23:00:00,92.96,1.0,27.7,6.39,7.91,3.98,4.75,276.79
2024-04-02 00:00:00,92.96,1.0,27.7,6.39,7.91,3.98,4.75,276.79
2024-04-02 01:00:00,92.96,1.0,27.7,6.39,7.91,3.98,4.75,276.79
2024-04-02 02:00:00,92.96,1.0,27.7,6.39,7.91,3.98,4.75,276.79
2024-04-02 03:00:00,92.96,1.0,27.7,6.39,7.91,3.98,4.75,276.79
2024-04-02 04:00:00,92.96,1.0,27.7,6.39,7.91,3.98,4.75,276.79
2024-04-02 05:00:00,92.96,1.0,27.7,6.39,7.91,3.98,4.75,276.79
2024-04-02 06:00:00,92.96,1.0,27.7,6.39,7.91,3.98,4.75,276.79
2024-04-02 07:00:00,92.96,1.0,27.7,6.39,7.91,3.98,4.75,276.79
2024-04-02 08:00:00,92.96,1.0,27.7,6.39,7.91,3.98,4.75,276.79
2024-04-02 09:00:00,92.96,1.0,27.7,6.39,7.91,3.98,4.75,276.79
2024-04-02 10:00:00,92.96,1.0,27.7,6.39,7.91,3.98,4.75,276.79
2024-04-02 11:00:00,92.96,1.0,27.7,6.39,7.91,3.98,4.75,276.79
2024-04-02 12:00:00,92.96,1.0,27.7,6.39,7.91,3.98,4.75,276.79
2024-04-02 13:00:00,92.96,1.0,27.7,6.39,7.91,3.98,4.75,276.79
2024-04-02 14:00:00,92.96,1.0,27.7,6.39,7.91,3.98,4.75,276.79
2024-04-02 15:00:00,92.96,1.0,27.7,6.39,7.91,3.98,4.75,276.79
2024-04-02 16:00:00,92.96,1.0,27.7,6.39,7.91,3.98,4.75,276.79
2024-04-02 17:00:00,92.96,1.0,27.7,6.39,7.91,3.98,4.75,276.79
2024-04-02 18:00:00,92.96,1.0,27.7,6.39,7.91,3.98,4.75,276.79
2024-04-02 19:00:00,92.96,1.0,27.7,6.39,7.91,3.98,4.75,276.79
2024-04-02 20:00:00,92.96,1.0,27.7,6.39,7.91,3.98,4.75,276.79
2024-04-02 21:00:00,92.96,1.0,27.7,6.39,7.91,3.98,4.75,276.79
2024-04-02 22:00:00,92.96,1.0,27.7,6.39,7.91,3.98,4.75,276.79
2024-04-02 23:00:00,92.96,1.0,27.7,6.39,7.91,3.98,4.75,276.79
2024-04-03 00:00:00,92.96,1.0,27.7,6.39,7.91,3.98,4.75,276.79
2024-04-03 01:00:00,92.96,1.0,27.7,6.39,7.91,3.98,4.75,276.79
2024-04-03 02:00:00,92.96,1.0,27.7,6.39,7.91,3.98,4.75,276.79
2024-04-03 03:00:00,92.96,1.0,27.7,6.39,7.91,3.98,4.75,276.79
2024-04-03 04:00:00,92.96,1.0,27.7,6.39,7.91,3.98,4.75,276.79
2024-04-03 05:00:00,92.96,1.0,27.7,6.39,7.91,3.98,4.75,276.79
2024-04-03 06:00:00,92.96,1.0,27.7,6.39,7.91,3.98,4.75,276.79
2024-04-03 07:00:00,92.96,1.0,27.7,6.39,7.91,3.98,4.75,276.79
2024-04-03 08:00:00,92.96,1.0,27.7,6.39,7.91,3.98,4.75,276.79
2024-04-03 09:00:00,92.96,1.0,27.7,6.39,7.91,3.98,4.75,276.79
2024-04-03 10:00:00,92.96,1.0,27.7,6.39,7.91,3.98,4.75,276.79
2024-04-03 11:00:00,92.96,1.0,27.7,6.39,7.91,3.98,4.75,276.79
2024-04-03 12:00:00,92.96,1.0,27.7,6.39,7.91,3.98,4.75,276.79
2024-04-03 13:00:00,92.96,1.0,27.7,6.39,7.91,3.98,4.75,276.79
2024-04-03 14:00:00,92.96,1.0,27.7,6.39,7.91,3.98,4.75,276.79
2024-04-03 15:00:00,92.96,1.0,27.7,6.39,7.91,3.98,4.75,276.79
2024-04-03 16:00:00,92.96,1.0,27.7,6.39,7.91,3.98,4.75,276.79
2024-04-03 17:00:00,92.96,1.0,27.7,6.39,7.91,3.98,4.75,276.79
2024-04-03 18:00:00,92.96,1.0,27.7,6.39,7.91,3.98,4.75,276.79
2024-04-03 19:00:00,92.96,1.0,27.7,6.39,7.91,3.98,4.75,276.79
2024-04-03 20:00:00,92.96,1.0,27.7,6.39,7.91,3.98,4.75,276.79
2024-04-03 21:00:00,92.96,1.0,27.7,6.39,7.91,3.98,4.75,276.79
2024-04-03 22:00:00,92.96,1.0,27.7,6.39,7.91,3.98,4.75,276.79
2024-04-03 23:00:00,92.96,1.0,27.7,6.39,7.91,3.98,4.75,276.79
2024-04-04 00:00:00,92.96,1.0,27.7,6.39,7.91,3.98,4.75,276.79
2024-04-04 01:00:00,92.96,1.0,27.7,6.39,7.91,3.98,4.75,276.79
2024-04-04 02:00:00,92.96,1.0,27.7,6.39,7.91,3.98,4.75,276.79
2024-04-04 03:00:00,92.96,1.0,27.7,6.39,7.91,3.98,4.75,276.79
2024-04-04 04:00:00,92.96,1.0,27.7,6.39,7.91,3.98,4.75,276.79
2024-04-04 05:00:00,92.96,1.0,27.7,6.39,7.91,3.98,4.75,276.79
2024-04-04 06:00:00,92.96,1.0,27.7,6.39,7.91,3.98,4.75,276.79
2024-04-04 07:00:00,92.96,1.0,27.7,6.39,7.91,3.98,4.75,276.79
2024-04-04 08:00:00,92.96,1.0,27.7,6.39,7.91,3.98,4.75,276.79
2024-04-04 09:00:00,92.96,1.0,27.7,6.39,7.91,3.98,4.75,276.79
2024-04-04 10:00:00,92.96,1.0,27.7,6.39,7.91,3.98,4.75,276.79
2024-04-04 11:00:00,92.96,1.0,27.7,6.39,7.91,3.98,4.75,276.79
2024-04-04 12:00:00,92.96,1.0,27.7,6.39,7.91,3.98,4.75,276.79
2024-04-04 13:00:00,92.96,1.0,27.7,6.39,7.91,3.98,4.75,276.79
2024-04-04 14:00:00,92.96,1.0,27.7,6.39,7.91,3.98,4.75,276.79
2024-04-04 15:00:00,92.96,1.0,27.7,6.39,7.91,3.98,4.75,276.79
2024-04-04 16:00:00,92.96,1.0,27.7,6.39,7.91,3.98,4.75,276.79
2024-04-04 17:00:00,92.96,1.0,27.7,6.39,7.91,3.98,4.75,276.79
2024-04-04 18:00:00,92.96,1.0,27.7,6.39,7.91,3.98,4.75,276.79
2024-04-04 19:00:00,92.96,1.0,27.7,6.39,7.91,3.98,4.75,276.79
2024-04-04 20:00:00,92.96,1.0,27.7,6.39,7.91,3.98,4.75,276.79
2024-04-04 21:00:00,92.96,1.0,27.7,6.39,7.91,3.98,4.75,276.79
2024-04-04 22:00:00,92.96,1.0,27.7,6.39,7.91,3.98,4.75,276.79
2024-04-04 23:00:00,92.96,1.0,27.7,6.39,7.91,3.98,4.75,276.79
2024-04-05 00:00:00,92.96,1.0,27.7,6.39,7.91,3.98,4.75,276.79
2024-04-05 01:00:00,92.96,1.0,27.7,6.39,7.91,3.98,4.75,276.79
2024-04-05 02:00:00,92.96,1.0,27.7,6.39,7.91,3.98,4.75,276.79
2024-04-05 03:00:00,92.96,1.0,27.7,6.39,7.91,3.98,4.75,276.79
2024-04-05 04:00:00,92.96,1.0,27.7,6.39,7.91,3.98,4.75,276.79
2024-04-05 05:00:00,92.96,1.0,27.7,6.39,7.91,3.98,4.75,276.79
2024-04-05 06:00:00,92.96,1.0,27.7,6.39,7.91,3.98,4.75,276.79
2024-04-05 07:00:00,92.96,1.0,27.7,6.39,7.91,3.98,4.75,276.79
2024-04-05 08:00:00,92.96,1.0,27.7,6.39,7.91,3.98,4.75,276.79
2024-04-05 09:00:00,92.96,1.0,27.7,6.39,7.91,3.98,4.75,276.79
2024-04-05 10:00:00,92.96,1.0,27.7,6.39,7.91,3.98,4.75,276.79
2024-04-05 11:00:00,92.96,1.0,27.7,6.39,7.91,3.98,4.75,276.79
2024-04-05 12:00:00,92.96,1.0,27.7,6.39,7.91,3.98,4.75,276.79
2024-04-05 13:00:00,92.96,1.0,27.7,6.39,7.91,3.98,4.75,276.79
2024-04-05 14:00:00,92.96,1.0,27.7,6.39,7.91,3.98,4.75,276.79
2024-04-05 15:00:00,92.96,1.0,27.7,6.39,7.91,3.98,4.75,276.79
2024-04-05 16:00:00,92.96,1.0,27.7,6.39,7.91,3.98,4.75,276.79
2024-04-05 17:00:00,92.96,1.0,27.7,6.39,7.91,3.98,4.75,276.79
2024-04-05 18:00:00,92.96,1.0,27.7,6.39,7.91,3.98,4.75,276.79
2024-04-05 19:00:00,92.96,1.0,27.7,6.39,7.91,3.98,4.75,276.79
2024-04-05 20:00:00,92.96,1.0,27.7,6.39,7.91,3.98,4.75,276.79
2024-04-05 21:00:00,92.96,1.0,27.7,6.39,7.91,3.98,4.75,276.79
2024-04-05 22:00:00,92.96,1.0,27.7,6.39,7.91,3.98,4.75,276.79
2024-04-05 23:00:00,92.96,1.0,27.7,6.39,7.91,3.98,4.75,276.79
2024-04-06 00:00:00,92.96,1.0,27.7,6.39,7.91,3.98,4.75,276.79
2024-04-06 01:00:00,92.96,1.0,27.7,6.39,7.91,3.98,4.75,276.79
2024-04-06 02:00:00,92.96,1.0,27.7,6.39,7.91,3.98,4.75,276.79
2024-04-06 03:00:00,92.96,1.0,27.7,6.39,7.91,3.98,4.75,276.79
2024-04-06 04:00:00,92.96,1.0,27.7,6.39,7.91,3.98,4.75,276.79
2024-04-06 05:00:00,92.96,1.0,27.7,6.39,7.91,3.98,4.75,276.79
2024-04-06 06:00:00,92.96,1.0,27.7,6.39,7.91,3.98,4.75,276.79
2024-04-06 07:00:00,92.96,1.0,27.7,6.39,7.91,3.98,4.75,276.79
2024-04-06 08:00:00,92.96,1.0,27.7,6.39,7.91,3.98,4.75,276.79
2024-04-06 09:00:00,92.96,1.0,27.7,6.39,7.91,3.98,4.75,276.79
2024-04-06 10:00:00,92.96,1.0,27.7,6.39,7.91,3.98,4.75,276.79
2024-04-06 11:00:00,92.96,1.0,27.7,6.39,7.91,3.98,4.75,276.79
2024-04-06 12:00:00,92.96,1.0,27.7,6.39,7.91,3.98,4.75,276.79
2024-04-06 13:00:00,92.96,1.0,27.7,6.39,7.91,3.98,4.75,276.79
2024-04-06 14:00:00,92.96,1.0,27.7,6.39,7.91,3.98,4.75,276.79
2024-04-06 15:00:00,92.96,1.0,27.7,6.39,7.91,3.98,4.75,276.79
2024-04-06 16:00:00,92.96,1.0,27.7,6.39,7.91,3.98,4.75,276.79
2024-04-06 17:00:00,92.96,1.0,27.7,6.39,7.91,3.98,4.75,276.79
2024-04-06 18:00:00,92.96,1.0,27.7,6.39,7.91,3.98,4.75,276.79
2024-04-06 19:00:00,92.96,1.0,27.7,6.39,7.91,3.98,4.75,276.79
2024-04-06 20:00:00,92.96,1.0,27.7,6.39,7.91,3.98,4.75,276.79
2024-04-06 21:00:00,92.96,1.0,27.7,6.39,7.91,3.98,4.75,276.79
2024-04-06 22:00:00,92.96,1.0,27.7,6.39,7.91,3.98,4.75,276.79
2024-04-06 23:00:00,92.96,1.0,27.7,6.39,7.91,3.98,4.75,276.79
2024-04-07 00:00:00,92.96,1.0,27.7,6.39,7.91,3.98,4.75,276.79
2024-04-07 01:00:00,92.96,1.0,27.7,6.39,7.91,3.98,4.75,276.79
2024-04-07 02:00:00,92.96,1.0,27.7,6.39,7.91,3.98,4.75,276.79
2024-04-07 03:00:00,92.96,1.0,27.7,6.39,7.91,3.98,4.75,276.79
2024-04-07 04:00:00,92.96,1.0,27.7,6.39,7.91,3.98,4.75,276.79
2024-04-07 05:00:00,92.96,1.0,27.7,6.39,7.91,3.98,4.75,276.79
2024-04-07 06:00:00,92.96,1.0,27.7,6.39,7.91,3.98,4.75,276.79
2024-04-07 07:00:00,92.96,1.0,27.7,6.39,7.91,3.98,4.75,276.79
2024-04-07 08:00:00,92.96,1.0,27.7,6.39,7.91,3.98,4.75,276.79
2024-04-07 09:00:00,92.96,1.0,27.7,6.39,7.91,3.98,4.75,276.79
2024-04-07 10:00:00,92.96,1.0,27.7,6.39,7.91,3.98,4.75,276.79
2024-04-07 11:00:00,92.96,1.0,27.7,6.39,7.91,3.98,4.75,276.79
2024-04-07 12:00:00,92.96,1.0,27.7,6.39,7.91,3.98,4.75,276.79
2024-04-07 13:00:00,92.96,1.0,27.7,6.39,7.91,3.98,4.75,276.79
2024-04-07 14:00:00,92.96,1.0,27.7,6.39,7.91,3.98,4.75,276.79
2024-04-07 15:00:00,92.96,1.0,27.7,6.39,7.91,3.98,4.75,276.79
2024-04-07 16:00:00,92.96,1.0,27.7,6.39,7.91,3.98,4.75,276.79
2024-04-07 17:00:00,92.96,1.0,27.7,6.39,7.91,3.98,4.75,276.79
2024-04-07 18:00:00,92.96,1.0,27.7,6.39,7.91,3.98,4.75,276.79
2024-04-07 19:00:00,92.96,1.0,27.7,6.39,7.91,3.98,4.75,276.79
2024-04-07 20:00:00,92.96,1.0,27.7,6.39,7.91,3.98,4.75,276.79
2024-04-07 21:00:00,92.96,1.0,27.7,6.39,7.91,3.98,4.75,276.79
2024-04-07 22:00:00,92.96,1.0,27.7,6.39,7.91,3.98,4.75,276.79
2024-04-07 23:00:00,92.96,1.0,27.7,6.39,7.91,3.98,4.75,276.79
2024-04-08 00:00:00,92.96,1.0,27.7,6.39,7.91,3.98,4.75,276.79
2024-04-08 01:00:00,92.96,1.0,27.7,6.39,7.91,3.98,4.75,276.79
2024-04-08 02:00:00,92.96,1.0,27.7,6.39,7.91,3.98,4.75,276.79
2024-04-08 03:00:00,92.96,1.0,27.7,6.39,7.91,3.98,4.75,276.79
2024-04-08 04:00:00,92.96,1.0,27.7,6.39,7.91,3.98,4.75,276.79
2024-04-08 05:00:00,92.96,1.0,27.7,6.39,7.91,3.98,4.75,276.79
2024-04-08 06:00:00,92.96,1.0,27.7,6.39,7.91,3.98,4.75,276.79
2024-04-08 07:00:00,92.96,1.0,27.7,6.39,7.91,3.98,4.75,276.79
2024-04-08 08:00:00,92.96,1.0,27.7,6.39,7.91,3.98,4.75,276.79
2024-04-08 09:00:00,92.96,1.0,27.7,6.39,7.91,3.98,4.75,276.79
2024-04-08 10:00:00,92.96,1.0,27.7,6.39,7.91,3.98,4.75,276.79
2024-04-08 11:00:00,92.96,1.0,27.7,6.39,7.91,3.98,4.75,276.79
2024-04-08 12:00:00,92.96,1.0,27.7,6.39,7.91,3.98,4.75,276.79
2024-04-08 13:00:00,92.96,1.0,27.7,6.39,7.91,3.98,4.75,276.79
2024-04-08 14:00:00,92.96,1.0,27.7,6.39,7.91,3.98,4.75,276.79
2024-04-08 15:00:00,92.96,1.0,27.7,6.39,7.91,3.98,4.75,276.79
2024-04-08 16:00:00,92.96,1.0,27.7,6.39,7.91,3.98,4.75,276.79
2024-04-08 17:00:00,92.96,1.0,27.7,6.39,7.91,3.98,4.75,276.79
2024-04-08 18:00:00,92.96,1.0,27.7,6.39,7.91,3.98,4.75,276.79
2024-04-08 19:00:00,92.96,1.0,27.7,6.39,7.91,3.98,4.75,276.79
2024-04-08 20:00:00,92.96,1.0,27.7,6.39,7.91,3.98,4.75,276.79
2024-04-08 21:00:00,92.96,1.0,27.7,6.39,7.91,3.98,4.75,276.79
2024-04-08 22:00:00,92.96,1.0,27.7,6.39,7.91,3.98,4.75,276.79
2024-04-08 23:00:00,92.96,1.0,27.7,6.39,7.91,3.98,4.75,276.79
2024-04-09 00:00:00,92.96,1.0,27.7,6.39,7.91,3.98,4.75,276.79
2024-04-09 01:00:00,92.96,1.0,27.7,6.39,7.91,3.98,4.75,276.79
2024-04-09 02:00:00,92.96,1.0,27.7,6.39,7.91,3.98,4.75,276.79
2024-04-09 03:00:00,92.96,1.0,27.7,6.39,7.91,3.98,4.75,276.79
2024-04-09 04:00:00,92.96,1.0,27.7,6.39,7.91,3.98,4.75,276.79
2024-04-09 05:00:00,92.96,1.0,27.7,6.39,7.91,3.98,4.75,276.79
2024-04-09 06:00:00,92.96,1.0,27.7,6.39,7.91,3.98,4.75,276.79
2024-04-09 07:00:00,92.96,1.0,27.7,6.39,7.91,3.98,4.75,276.79
2024-04-09 08:00:00,92.96,1.0,27.7,6.39,7.91,3.98,4.75,276.79
2024-04-09 09:00:00,92.96,1.0,27.7,6.39,7.91,3.98,4.75,276.79
2024-04-09 10:00:00,92.96,1.0,27.7,6.39,7.91,3.98,4.75,276.79
2024-04-09 11:00:00,92.96,1.0,27.7,6.39,7.91,3.98,4.75,276.79
2024-04-09 12:00:00,92.96,1.0,27.7,6.39,7.91,3.98,4.75,276.79
2024-04-09 13:00:00,92.96,1.0,27.7,6.39,7.91,3.98,4.75,276.79
2024-04-09 14:00:00,92.96,1.0,27.7,6.39,7.91,3.98,4.75,276.79
2024-04-09 15:00:00,92.96,1.0,27.7,6.39,7.91,3.98,4.75,276.79
2024-04-09 16:00:00,92.96,1.0,27.7,6.39,7.91,3.98,4.75,276.79
2024-04-09 17:00:00,92.96,1.0,27.7,6.39,7.91,3.98,4.75,276.79
2024-04-09 18:00:00,92.96,1.0,27.7,6.39,7.91,3.98,4.75,276.79
2024-04-09 19:00:00,92.96,1.0,27.7,6.39,7.91,3.98,4.75,276.79
2024-04-09 20:00:00,92.96,1.0,27.7,6.39,7.91,3.98,4.75,276.79
2024-04-09 21:00:00,92.96,1.0,27.7,6.39,7.91,3.98,4.75,276.79
2024-04-09 22:00:00,92.96,1.0,27.7,6.39,7.91,3.98,4.75,276.79
2024-04-09 23:00:00,92.96,1.0,27.7,6.39,7.91,3.98,4.75,276.79
2024-04-10 00:00:00,92.96,1.0,27.7,6.39,7.91,3.98,4.75,276.79
2024-04-10 01:00:00,92.96,1.0,27.7,6.39,7.91,3.98,4.75,276.79
2024-04-10 02:00:00,92.96,1.0,27.7,6.39,7.91,3.98,4.75,276.79
2024-04-10 03:00:00,92.96,1.0,27.7,6.39,7.91,3.98,4.75,276.79
2024-04-10 04:00:00,92.96,1.0,27.7,6.39,7.91,3.98,4.75,276.79
2024-04-10 05:00:00,92.96,1.0,27.7,6.39,7.91,3.98,4.75,276.79
2024-04-10 06:00:00,92.96,1.0,27.7,6.39,7.91,3.98,4.75,276.79
2024-04-10 07:00:00,92.96,1.0,27.7,6.39,7.91,3.98,4.75,276.79
2024-04-10 08:00:00,92.96,1.0,27.7,6.39,7.91,3.98,4.75,276.79
2024-04-10 09:00:00,92.96,1.0,27.7,6.39,7.91,3.98,4.75,276.79
2024-04-10 10:00:00,92.96,1.0,27.7,6.39,7.91,3.98,4.75,276.79
2024-04-10 11:00:00,92.96,1.0,27.7,6.39,7.91,3.98,4.75,276.79
2024-04-10 12:00:00,92.96,1.0,27.7,6.39,7.91,3.98,4.75,276.79
2024-04-10 13:00:00,92.96,1.0,27.7,6.39,7.91,3.98,4.75,276.79
2024-04-10 14:00:00,92.96,1.0,27.7,6.39,7.91,3.98,4.75,276.79
2024-04-10 15:00:00,92.96,1.0,27.7,6.39,7.91,3.98,4.75,276.79
2024-04-10 16:00:00,92.96,1.0,27.7,6.39,7.91,3.98,4.75,276.79
2024-04-10 17:00:00,92.96,1.0,27.7,6.39,7.91,3.98,4.75,276.79
2024-04-10 18:00:00,92.96,1.0,27.7,6.39,7.91,3.98,4.75,276.79
2024-04-10 19:00:00,92.96,1.0,27.7,6.39,7.91,3.98,4.75,276.79
2024-04-10 20:00:00,92.96,1.0,27.7,6.39,7.91,3.98,4.75,276.79
2024-04-10 21:00:00,92.96,1.0,27.7,6.39,7.91,3.98,4.75,276.79
2024-04-10 22:00:00,92.96,1.0,27.7,6.39,7.91,3.98,4.75,276.79
2024-04-10 23:00:00,92.96,1.0,27.7,6.39,7.91,3.98,4.75,276.79
2024-04-11 00:00:00,92.96,1.0,27.7,6.39,7.91,3.98,4.75,276.79
2024-04-11 01:00:00,92.96,1.0,27.7,6.39,7.91,3.98,4.75,276.79
2024-04-11 02:00:00,92.96,1.0,27.7,6.39,7.91,3.98,4.75,276.79
2024-04-11 03:00:00,92.96,1.0,27.7,6.39,7.91,3.98,4.75,276.79
2024-04-11 04:00:00,92.96,1.0,27.7,6.39,7.91,3.98,4.75,276.79
2024-04-11 05:00:00,92.96,1.0,27.7,6.39,7.91,3.98,4.75,276.79
2024-04-11 06:00:00,92.96,1.0,27.7,6.39,7.91,3.98,4.75,276.79
2024-04-11 07:00:00,92.96,1.0,27.7,6.39,7.91,3.98,4.75,276.79
2024-04-11 08:00:00,92.96,1.0,27.7,6.39,7.91,3.98,4.75,276.79
2024-04-11 09:00:00,92.96,1.0,27.7,6.39,7.91,3.98,4.75,276.79
2024-04-11 10:00:00,92.96,1.0,27.7,6.39,7.91,3.98,4.75,276.79
2024-04-11 11:00:00,92.96,1.0,27.7,6.39,7.91,3.98,4.75,276.79
2024-04-11 12:00:00,92.96,1.0,27.7,6.39,7.91,3.98,4.75,276.79
2024-04-11 13:00:00,92.96,1.0,27.7,6.39,7.91,3.98,4.75,276.79
2024-04-11 14:00:00,92.96,1.0,27.7,6.39,7.91,3.98,4.75,276.79
2024-04-11 15:00:00,92.96,1.0,27.7,6.39,7.91,3.98,4.75,276.79
2024-04-11 16:00:00,92.96,1.0,27.7,6.39,7.91,3.98,4.75,276.79
2024-04-11 17:00:00,92.96,1.0,27.7,6.39,7.91,3.98,4.75,276.79
2024-04-11 18:00:00,92.96,1.0,27.7,6.39,7.91,3.98,4.75,276.79
2024-04-11 19:00:00,92.96,1.0,27.7,6.39,7.91,3.98,4.75,276.79
2024-04-11 20:00:00,92.96,1.0,27.7,6.39,7.91,3.98,4.75,276.79
2024-04-11 21:00:00,92.96,1.0,27.7,6.39,7.91,3.98,4.75,276.79
2024-04-11 22:00:00,92.96,1.0,27.7,6.39,7.91,3.98,4.75,276.79
2024-04-11 23:00:00,92.96,1.0,27.7,6.39,7.91,3.98,4.75,276.79
2024-04-12 00:00:00,92.96,1.0,27.7,6.39,7.91,3.98,4.75,276.79
2024-04-12 01:00:00,92.96,1.0,27.7,6.39,7.91,3.98,4.75,276.79
2024-04-12 02:00:00,92.96,1.0,27.7,6.39,7.91,3.98,4.75,276.79
2024-04-12 03:00:00,92.96,1.0,27.7,6.39,7.91,3.98,4.75,276.79
2024-04-12 04:00:00,92.96,1.0,27.7,6.39,7.91,3.98,4.75,276.79
2024-04-12 05:00:00,92.96,1.0,27.7,6.39,7.91,3.98,4.75,276.79
2024-04-12 06:00:00,92.96,1.0,27.7,6.39,7.91,3.98,4.75,276.79
2024-04-12 07:00:00,92.96,1.0,27.7,6.39,7.91,3.98,4.75,276.79
2024-04-12 08:00:00,92.96,1.0,27.7,6.39,7.91,3.98,4.75,276.79
2024-04-12 09:00:00,92.96,1.0,27.7,6.39,7.91,3.98,4.75,276.79
2024-04-12 10:00:00,92.96,1.0,27.7,6.39,7.91,3.98,4.75,276.79
2024-04-12 11:00:00,92.96,1.0,27.7,6.39,7.91,3.98,4.75,276.79
2024-04-12 12:00:00,92.96,1.0,27.7,6.39,7.91,3.98,4.75,276.79
2024-04-12 13:00:00,92.96,1.0,27.7,6.39,7.91,3.98,4.75,276.79
2024-04-12 14:00:00,92.96,1.0,27.7,6.39,7.91,3.98,4.75,276.79
2024-04-12 15:00:00,92.96,1.0,27.7,6.39,7.91,3.98,4.75,276.79
2024-04-12 16:00:00,92.96,1.0,27.7,6.39,7.91,3.98,4.75,276.79
2024-04-12 17:00:00,92.96,1.0,27.7,6.39,7.91,3.98,4.75,276.79
2024-04-12 18:00:00,92.96,1.0,27.7,6.39,7.91,3.98,4.75,276.79
2024-04-12 19:00:00,92.96,1.0,27.7,6.39,7.91,3.98,4.75,276.79
2024-04-12 20:00:00,92.96,1.0,27.7,6.39,7.91,3.98,4.75,276.79
2024-04-12 21:00:00,92.96,1.0,27.7,6.39,7.91,3.98,4.75,276.79
2024-04-12 22:00:00,92.96,1.0,27.7,6.39,7.91,3.98,4.75,276.79
2024-04-12 23:00:00,92.96,1.0,27.7,6.39,7.91,3.98,4.75,276.79
2024-04-13 00:00:00,92.96,1.0,27.7,6.39,7.91,3.98,4.75,276.79
2024-04-13 01:00:00,92.96,1.0,27.7,6.39,7.91,3.98,4.75,276.79
2024-04-13 02:00:00,92.96,1.0,27.7,6.39,7.91,3.98,4.75,276.79
2024-04-13 03:00:00,92.96,1.0,27.7,6.39,7.91,3.98,4.75,276.79
2024-04-13 04:00:00,92.96,1.0,27.7,6.39,7.91,3.98,4.75,276.79
2024-04-13 05:00:00,92.96,1.0,27.7,6.39,7.91,3.98,4.75,276.79
2024-04-13 06:00:00,92.96,1.0,27.7,6.39,7.91,3.98,4.75,276.79
2024-04-13 07:00:00,92.96,1.0,27.7,6.39,7.91,3.98,4.75,276.79
2024-04-13 08:00:00,92.96,1.0,27.7,6.39,7.91,3.98,4.75,276.79
2024-04-13 09:00:00,92.96,1.0,27.7,6.39,7.91,3.98,4.75,276.79
2024-04-13 10:00:00,92.96,1.0,27.7,6.39,7.91,3.98,4.75,276.79
2024-04-13 11:00:00,92.96,1.0,27.7,6.39,7.91,3.98,4.75,276.79
2024-04-13 12:00:00,92.96,1.0,27.7,6.39,7.91,3.98,4.75,276.79
2024-04-13 13:00:00,92.96,1.0,27.7,6.39,7.91,3.98,4.75,276.79
2024-04-13 14:00:00,92.96,1.0,27.7,6.39,7.91,3.98,4.75,276.79
2024-04-13 15:00:00,92.96,1.0,27.7,6.39,7.91,3.98,4.75,276.79
2024-04-13 16:00:00,92.96,1.0,27.7,6.39,7.91,3.98,4.75,276.79
2024-04-13 17:00:00,92.96,1.0,27.7,6.39,7.91,3.98,4.75,276.79
2024-04-13 18:00:00,92.96,1.0,27.7,6.39,7.91,3.98,4.75,276.79
2024-04-13 19:00:00,92.96,1.0,27.7,6.39,7.91,3.98,4.75,276.79
2024-04-13 20:00:00,92.96,1.0,27.7,6.39,7.91,3.98,4.75,276.79
2024-04-13 21:00:00,92.96,1.0,27.7,6.39,7.91,3.98,4.75,276.79
2024-04-13 22:00:00,92.96,1.0,27.7,6.39,7.91,3.98,4.75,276.79
2024-04-13 23:00:00,92.96,1.0,27.7,6.39,7.91,3.98,4.75,276.79
2024-04-14 00:00:00,92.96,1.0,27.7,6.39,7.91,3.98,4.75,276.79
2024-04-14 01:00:00,92.96,1.0,27.7,6.39,7.91,3.98,4.75,276.79
2024-04-14 02:00:00,92.96,1.0,27.7,6.39,7.91,3.98,4.75,276.79
2024-04-14 03:00:00,92.96,1.0,27.7,6.39,7.91,3.98,4.75,276.79
2024-04-14 04:00:00,92.96,1.0,27.7,6.39,7.91,3.98,4.75,276.79
2024-04-14 05:00:00,92.96,1.0,27.7,6.39,7.91,3.98,4.75,276.79
2024-04-14 06:00:00,92.96,1.0,27.7,6.39,7.91,3.98,4.75,276.79
2024-04-14 07:00:00,92.96,1.0,27.7,6.39,7.91,3.98,4.75,276.79
2024-04-14 08:00:00,92.96,1.0,27.7,6.39,7.91,3.98,4.75,276.79
2024-04-14 09:00:00,92.96,1.0,27.7,6.39,7.91,3.98,4.75,276.79
2024-04-14 10:00:00,92.96,1.0,27.7,6.39,7.91,3.98,4.75,276.79
2024-04-14 11:00:00,92.96,1.0,27.7,6.39,7.91,3.98,4.75,276.79
2024-04-14 12:00:00,92.96,1.0,27.7,6.39,7.91,3.98,4.75,276.79
2024-04-14 13:00:00,92.96,1.0,27.7,6.39,7.91,3.98,4.75,276.79
2024-04-14 14:00:00,92.96,1.0,27.7,6.39,7.91,3.98,4.75,276.79
2024-04-14 15:00:00,92.96,1.0,27.7,6.39,7.91,3.98,4.75,276.79
2024-04-14 16:00:00,92.96,1.0,27.7,6.39,7.91,3.98,4.75,276.79
2024-04-14 17:00:00,92.96,1.0,27.7,6.39,7.91,3.98,4.75,276.79
2024-04-14 18:00:00,92.96,1.0,27.7,6.39,7.91,3.98,4.75,276.79
2024-04-14 19:00:00,92.96,1.0,27.7,6.39,7.91,3.98,4.75,276.79
2024-04-14 20:00:00,92.96,1.0,27.7,6.39,7.91,3.98,4.75,276.79
2024-04-14 21:00:00,92.96,1.0,27.7,6.39,7.91,3.98,4.75,276.79
2024-04-14 22:00:00,92.96,1.0,27.7,6.39,7.91,3.98,4.75,276.79
2024-04-14 23:00:00,92.96,1.0,27.7,6.39,7.91,3.98,4.75,276.79
2024-04-15 00:00:00,92.96,1.0,27.7,6.39,7.91,3.98,4.75,276.79
2024-04-15 01:00:00,92.96,1.0,27.7,6.39,7.91,3.98,4.75,276.79
2024-04-15 02:00:00,92.96,1.0,27.7,6.39,7.91,3.98,4.75,276.79
2024-04-15 03:00:00,92.96,1.0,27.7,6.39,7.91,3.98,4.75,276.79
2024-04-15 04:00:00,92.96,1.0,27.7,6.39,7.91,3.98,4.75,276.79
2024-04-15 05:00:00,92.96,1.0,27.7,6.39,7.91,3.98,4.75,276.79
2024-04-15 06:00:00,92.96,1.0,27.7,6.39,7.91,3.98,4.75,276.79
2024-04-15 07:00:00,92.96,1.0,27.7,6.39,7.91,3.98,4.75,276.79
2024-04-15 08:00:00,92.96,1.0,27.7,6.39,7.91,3.98,4.75,276.79
2024-04-15 09:00:00,92.96,1.0,27.7,6.39,7.91,3.98,4.75,276.79
2024-04-15 10:00:00,92.96,1.0,27.7,6.39,7.91,3.98,4.75,276.79
2024-04-15 11:00:00,92.96,1.0,27.7,6.39,7.91,3.98,4.75,276.79
2024-04-15 12:00:00,92.96,1.0,27.7,6.39,7.91,3.98,4.75,276.79
2024-04-15 13:00:00,92.96,1.0,27.7,6.39,7.91,3.98,4.75,276.79
2024-04-15 14:00:00,92.96,1.0,27.7,6.39,7.91,3.98,4.75,276.79
2024-04-15 15:00:00,92.96,1.0,27.7,6.39,7.91,3.98,4.75,276.79
2024-04-15 16:00:00,92.96,1.0,27.7,6.39,7.91,3.98,4.75,276.79
2024-04-15 17:00:00,92.96,1.0,27.7,6.39,7.91,3.98,4.75,276.79
2024-04-15 18:00:00,92.96,1.0,27.7,6.39,7.91,3.98,4.75,276.79
2024-04-15 19:00:00,92.96,1.0,27.7,6.39,7.91,3.98,4.75,276.79
2024-04-15 20:00:00,92.96,1.0,27.7,6.39,7.91,3.98,4.75,276.79
2024-04-15 21:00:00,92.96,1.0,27.7,6.39,7.91,3.98,4.75,276.79
2024-04-15 22:00:00,92.96,1.0,27.7,6.39,7.91,3.98,4.75,276.79
2024-04-15 23:00:00,92.96,1.0,27.7,6.39,7.91,3.98,4.75,276.79
2024-04-16 00:00:00,92.96,1.0,27.7,6.39,7.91,3.98,4.75,276.79
2024-04-16 01:00:00,92.96,1.0,27.7,6.39,7.91,3.98,4.75,276.79
2024-04-16 02:00:00,92.96,1.0,27.7,6.39,7.91,3.98,4.75,276.79
2024-04-16 03:00:00,92.96,1.0,27.7,6.39,7.91,3.98,4.75,276.79
2024-04-16 04:00:00,92.96,1.0,27.7,6.39,7.91,3.98,4.75,276.79
2024-04-16 05:00:00,92.96,1.0,27.7,6.39,7.91,3.98,4.75,276.79
2024-04-16 06:00:00,92.96,1.0,27.7,6.39,7.91,3.98,4.75,276.79
2024-04-16 07:00:00,92.96,1.0,27.7,6.39,7.91,3.98,4.75,276.79
2024-04-16 08:00:00,92.96,1.0,27.7,6.39,7.91,3.98,4.75,276.79
2024-04-16 09:00:00,92.96,1.0,27.7,6.39,7.91,3.98,4.75,276.79
2024-04-16 10:00:00,92.96,1.0,27.7,6.39,7.91,3.98,4.75,276.79
2024-04-16 11:00:00,92.96,1.0,27.7,6.39,7.91,3.98,4.75,276.79
2024-04-16 12:00:00,92.96,1.0,27.7,6.39,7.91,3.98,4.75,276.79
2024-04-16 13:00:00,92.96,1.0,27.7,6.39,7.91,3.98,4.75,276.79
2024-04-16 14:00:00,92.96,1.0,27.7,6.39,7.91,3.98,4.75,276.79
2024-04-16 15:00:00,92.96,1.0,27.7,6.39,7.91,3.98,4.75,276.79
2024-04-16 16:00:00,92.96,1.0,27.7,6.39,7.91,3.98,4.75,276.79
2024-04-16 17:00:00,92.96,1.0,27.7,6.39,7.91,3.98,4.75,276.79
2024-04-16 18:00:00,92.96,1.0,27.7,6.39,7.91,3.98,4.75,276.79
2024-04-16 19:00:00,92.96,1.0,27.7,6.39,7.91,3.98,4.75,276.79
2024-04-16 20:00:00,92.96,1.0,27.7,6.39,7.91,3.98,4.75,276.79
2024-04-16 21:00:00,92.96,1.0,27.7,6.39,7.91,3.98,4.75,276.79
2024-04-16 22:00:00,92.96,1.0,27.7,6.39,7.91,3.98,4.75,276.79
2024-04-16 23:00:00,92.96,1.0,27.7,6.39,7.91,3.98,4.75,276.79
2024-04-17 00:00:00,92.96,1.0,27.7,6.39,7.91,3.98,4.75,276.79
2024-04-17 01:00:00,92.96,1.0,27.7,6.39,7.91,3.98,4.75,276.79
2024-04-17 02:00:00,92.96,1.0,27.7,6.39,7.91,3.98,4.75,276.79
2024-04-17 03:00:00,92.96,1.0,27.7,6.39,7.91,3.98,4.75,276.79
2024-04-17 04:00:00,92.96,1.0,27.7,6.39,7.91,3.98,4.75,276.79
2024-04-17 05:00:00,92.96,1.0,27.7,6.39,7.91,3.98,4.75,276.79
2024-04-17 06:00:00,92.96,1.0,27.7,6.39,7.91,3.98,4.75,276.79
2024-04-17 07:00:00,92.96,1.0,27.7,6.39,7.91,3.98,4.75,276.79
2024-04-17 08:00:00,92.96,1.0,27.7,6.39,7.91,3.98,4.75,276.79
2024-04-17 09:00:00,92.96,1.0,27.7,6.39,7.91,3.98,4.75,276.79
2024-04-17 10:00:00,92.96,1.0,27.7,6.39,7.91,3.98,4.75,276.79
2024-04-17 11:00:00,92.96,1.0,27.7,6.39,7.91,3.98,4.75,276.79
2024-04-17 12:00:00,92.96,1.0,27.7,6.39,7.91,3.98,4.75,276.79
2024-04-17 13:00:00,92.96,1.0,27.7,6.39,7.91,3.98,4.75,276.79
2024-04-17 14:00:00,92.96,1.0,27.7,6.39,7.91,3.98,4.75,276.79
2024-04-17 15:00:00,92.96,1.0,27.7,6.39,7.91,3.98,4.75,276.79
2024-04-17 16:00:00,92.96,1.0,27.7,6.39,7.91,3.98,4.75,276.79
2024-04-17 17:00:00,92.96,1.0,27.7,6.39,7.91,3.98,4.75,276.79
2024-04-17 18:00:00,92.96,1.0,27.7,6.39,7.91,3.98,4.75,276.79
2024-04-17 19:00:00,92.96,1.0,27.7,6.39,7.91,3.98,4.75,276.79
2024-04-17 20:00:00,92.96,1.0,27.7,6.39,7.91,3.98,4.75,276.79
2024-04-17 21:00:00,92.96,1.0,27.7,6.39,7.91,3.98,4.75,276.79
2024-04-17 22:00:00,92.96,1.0,27.7,6.39,7.91,3.98,4.75,276.79
2024-04-17 23:00:00,92.96,1.0,27.7,6.39,7.91,3.98,4.75,276.79
2024-04-18 00:00:00,92.96,1.0,27.7,6.39,7.91,3.98,4.75,276.79
2024-04-18 01:00:00,92.96,1.0,27.7,6.39,7.91,3.98,4.75,276.79
2024-04-18 02:00:00,92.96,1.0,27.7,6.39,7.91,3.98,4.75,276.79
2024-04-18 03:00:00,92.96,1.0,27.7,6.39,7.91,3.98,4.75,276.79
2024-04-18 04:00:00,92.96,1.0,27.7,6.39,7.91,3.98,4.75,276.79
2024-04-18 05:00:00,92.96,1.0,27.7,6.39,7.91,3.98,4.75,276.79
2024-04-18 06:00:00,92.96,1.0,27.7,6.39,7.91,3.98,4.75,276.79
2024-04-18 07:00:00,92.96,1.0,27.7,6.39,7.91,3.98,4.75,276.79
2024-04-18 08:00:00,92.96,1.0,27.7,6.39,7.91,3.98,4.75,276.79
2024-04-18 09:00:00,92.96,1.0,27.7,6.39,7.91,3.98,4.75,276.79
2024-04-18 10:00:00,92.96,1.0,27.7,6.39,7.91,3.98,4.75,276.79
2024-04-18 11:00:00,92.96,1.0,27.7,6.39,7.91,3.98,4.75,276.79
2024-04-18 12:00:00,92.96,1.0,27.7,6.39,7.91,3.98,4.75,276.79
2024-04-18 13:00:00,92.96,1.0,27.7,6.39,7.91,3.98,4.75,276.79
2024-04-18 14:00:00,92.96,1.0,27.7,6.39,7.91,3.98,4.75,276.79
2024-04-18 15:00:00,92.96,1.0,27.7,6.39,7.91,3.98,4.75,276.79
2024-04-18 16:00:00,92.96,1.0,27.7,6.39,7.91,3.98,4.75,276.79
2024-04-18 17:00:00,92.96,1.0,27.7,6.39,7.91,3.98,4.75,276.79
2024-04-18 18:00:00,92.96,1.0,27.7,6.39,7.91,3.98,4.75,276.79
2024-04-18 19:00:00,92.96,1.0,27.7,6.39,7.91,3.98,4.75,276.79
2024-04-18 20:00:00,92.96,1.0,27.7,6.39,7.91,3.98,4.75,276.79
2024-04-18 21:00:00,92.96,1.0,27.7,6.39,7.91,3.98,4.75,276.79
2024-04-18 22:00:00,92.96,1.0,27.7,6.39,7.91,3.98,4.75,276.79
2024-04-18 23:00:00,92.96,1.0,27.7,6.39,7.91,3.98,4.75,276.79
2024-04-19 00:00:00,92.96,1.0,27.7,6.39,7.91,3.98,4.75,276.79
2024-04-19 01:00:00,92.96,1.0,27.7,6.39,7.91,3.98,4.75,276.79
2024-04-19 02:00:00,92.96,1.0,27.7,6.39,7.91,3.98,4.75,276.79
2024-04-19 03:00:00,92.96,1.0,27.7,6.39,7.91,3.98,4.75,276.79
2024-04-19 04:00:00,92.96,1.0,27.7,6.39,7.91,3.98,4.75,276.79
2024-04-19 05:00:00,92.96,1.0,27.7,6.39,7.91,3.98,4.75,276.79
2024-04-19 06:00:00,92.96,1.0,27.7,6.39,7.91,3.98,4.75,276.79
2024-04-19 07:00:00,92.96,1.0,27.7,6.39,7.91,3.98,4.75,276.79
2024-04-19 08:00:00,92.96,1.0,27.7,6.39,7.91,3.98,4.75,276.79
2024-04-19 09:00:00,92.96,1.0,27.7,6.39,7.91,3.98,4.75,276.79
2024-04-19 10:00:00,92.96,1.0,27.7,6.39,7.91,3.98,4.75,276.79
2024-04-19 11:00:00,92.96,1.0,27.7,6.39,7.91,3.98,4.75,276.79
2024-04-19 12:00:00,92.96,1.0,27.7,6.39,7.91,3.98,4.75,276.79
2024-04-19 13:00:00,92.96,1.0,27.7,6.39,7.91,3.98,4.75,276.79
2024-04-19 14:00:00,92.96,1.0,27.7,6.39,7.91,3.98,4.75,276.79
2024-04-19 15:00:00,92.96,1.0,27.7,6.39,7.91,3.98,4.75,276.79
2024-04-19 16:00:00,92.96,1.0,27.7,6.39,7.91,3.98,4.75,276.79
2024-04-19 17:00:00,92.96,1.0,27.7,6.39,7.91,3.98,4.75,276.79
2024-04-19 18:00:00,92.96,1.0,27.7,6.39,7.91,3.98,4.75,276.79
2024-04-19 19:00:00,92.96,1.0,27.7,6.39,7.91,3.98,4.75,276.79
2024-04-19 20:00:00,92.96,1.0,27.7,6.39,7.91,3.98,4.75,276.79
2024-04-19 21:00:00,92.96,1.0,27.7,6.39,7.91,3.98,4.75,276.79
2024-04-19 22:00:00,92.96,1.0,27.7,6.39,7.91,3.98,4.75,276.79
2024-04-19 23:00:00,92.96,1.0,27.7,6.39,7.91,3.98,4.75,276.79
2024-04-20 00:00:00,92.96,1.0,27.7,6.39,7.91,3.98,4.75,276.79
2024-04-20 01:00:00,92.96,1.0,27.7,6.39,7.91,3.98,4.75,276.79
2024-04-20 02:00:00,92.96,1.0,27.7,6.39,7.91,3.98,4.75,276.79
2024-04-20 03:00:00,92.96,1.0,27.7,6.39,7.91,3.98,4.75,276.79
2024-04-20 04:00:00,92.96,1.0,27.7,6.39,7.91,3.98,4.75,276.79
2024-04-20 05:00:00,92.96,1.0,27.7,6.39,7.91,3.98,4.75,276.79
2024-04-20 06:00:00,92.96,1.0,27.7,6.39,7.91,3.98,4.75,276.79
2024-04-20 07:00:00,92.96,1.0,27.7,6.39,7.91,3.98,4.75,276.79
2024-04-20 08:00:00,92.96,1.0,27.7,6.39,7.91,3.98,4.75,276.79
2024-04-20 09:00:00,92.96,1.0,27.7,6.39,7.91,3.98,4.75,276.79
2024-04-20 10:00:00,92.96,1.0,27.7,6.39,7.91,3.98,4.75,276.79
2024-04-20 11:00:00,92.96,1.0,27.7,6.39,7.91,3.98,4.75,276.79
2024-04-20 12:00:00,92.96,1.0,27.7,6.39,7.91,3.98,4.75,276.79
2024-04-20 13:00:00,92.96,1.0,27.7,6.39,7.91,3.98,4.75,276.79
2024-04-20 14:00:00,92.96,1.0,27.7,6.39,7.91,3.98,4.75,276.79
2024-04-20 15:00:00,92.96,1.0,27.7,6.39,7.91,3.98,4.75,276.79
2024-04-20 16:00:00,92.96,1.0,27.7,6.39,7.91,3.98,4.75,276.79
2024-04-20 17:00:00,92.96,1.0,27.7,6.39,7.91,3.98,4.75,276.79
2024-04-20 18:00:00,92.96,1.0,27.7,6.39,7.91,3.98,4.75,276.79
2024-04-20 19:00:00,92.96,1.0,27.7,6.39,7.91,3.98,4.75,276.79
2024-04-20 20:00:00,92.96,1.0,27.7,6.39,7.91,3.98,4.75,276.79
2024-04-20 21:00:00,92.96,1.0,27.7,6.39,7.91,3.98,4.75,276.79
2024-04-20 22:00:00,92.96,1.0,27.7,6.39,7.91,3.98,4.75,276.79
2024-04-20 23:00:00,92.96,1.0,27.7,6.39,7.91,3.98,4.75,276.79
2024-04-21 00:00:00,92.96,1.0,27.7,6.39,7.91,3.98,4.75,276.79
2024-04-21 01:00:00,92.96,1.0,27.7,6.39,7.91,3.98,4.75,276.79
2024-04-21 02:00:00,92.96,1.0,27.7,6.39,7.91,3.98,4.75,276.79
2024-04-21 03:00:00,92.96,1.0,27.7,6.39,7.91,3.98,4.75,276.79
2024-04-21 04:00:00,92.96,1.0,27.7,6.39,7.91,3.98,4.75,276.79
2024-04-21 05:00:00,92.96,1.0,27.7,6.39,7.91,3.98,4.75,276.79
2024-04-21 06:00:00,92.96,1.0,27.7,6.39,7.91,3.98,4.75,276.79
2024-04-21 07:00:00,92.96,1.0,27.7,6.39,7.91,3.98,4.75,276.79
2024-04-21 08:00:00,92.96,1.0,27.7,6.39,7.91,3.98,4.75,276.79
2024-04-21 09:00:00,92.96,1.0,27.7,6.39,7.91,3.98,4.75,276.79
2024-04-21 10:00:00,92.96,1.0,27.7,6.39,7.91,3.98,4.75,276.79
2024-04-21 11:00:00,92.96,1.0,27.7,6.39,7.91,3.98,4.75,276.79
2024-04-21 12:00:00,92.96,1.0,27.7,6.39,7.91,3.98,4.75,276.79
2024-04-21 13:00:00,92.96,1.0,27.7,6.39,7.91,3.98,4.75,276.79
2024-04-21 14:00:00,92.96,1.0,27.7,6.39,7.91,3.98,4.75,276.79
2024-04-21 15:00:00,92.96,1.0,27.7,6.39,7.91,3.98,4.75,276.79
2024-04-21 16:00:00,92.96,1.0,27.7,6.39,7.91,3.98,4.75,276.79
2024-04-21 17:00:00,92.96,1.0,27.7,6.39,7.91,3.98,4.75,276.79
2024-04-21 18:00:00,92.96,1.0,27.7,6.39,7.91,3.98,4.75,276.79
2024-04-21 19:00:00,92.96,1.0,27.7,6.39,7.91,3.98,4.75,276.79
2024-04-21 20:00:00,92.96,1.0,27.7,6.39,7.91,3.98,4.75,276.79
2024-04-21 21:00:00,92.96,1.0,27.7,6.39,7.91,3.98,4.75,276.79
2024-04-21 22:00:00,92.96,1.0,27.7,6.39,7.91,3.98,4.75,276.79
2024-04-21 23:00:00,92.96,1.0,27.7,6.39,7.91,3.98,4.75,276.79
2024-04-22 00:00:00,92.96,1.0,27.7,6.39,7.91,3.98,4.75,276.79
2024-04-22 01:00:00,92.96,1.0,27.7,6.39,7.91,3.98,4.75,276.79
2024-04-22 02:00:00,92.96,1.0,27.7,6.39,7.91,3.98,4.75,276.79
2024-04-22 03:00:00,92.96,1.0,27.7,6.39,7.91,3.98,4.75,276.79
2024-04-22 04:00:00,92.96,1.0,27.7,6.39,7.91,3.98,4.75,276.79
2024-04-22 05:00:00,92.96,1.0,27.7,6.39,7.91,3.98,4.75,276.79
2024-04-22 06:00:00,92.96,1.0,27.7,6.39,7.91,3.98,4.75,276.79
2024-04-22 07:00:00,92.96,1.0,27.7,6.39,7.91,3.98,4.75,276.79
2024-04-22 08:00:00,92.96,1.0,27.7,6.39,7.91,3.98,4.75,276.79
2024-04-22 09:00:00,92.96,1.0,27.7,6.39,7.91,3.98,4.75,276.79
2024-04-22 10:00:00,92.96,1.0,27.7,6.39,7.91,3.98,4.75,276.79
2024-04-22 11:00:00,92.96,1.0,27.7,6.39,7.91,3.98,4.75,276.79
2024-04-22 12:00:00,92.96,1.0,27.7,6.39,7.91,3.98,4.75,276.79
2024-04-22 13:00:00,92.96,1.0,27.7,6.39,7.91,3.98,4.75,276.79
2024-04-22 14:00:00,92.96,1.0,27.7,6.39,7.91,3.98,4.75,276.79
2024-04-22 15:00:00,92.96,1.0,27.7,6.39,7.91,3.98,4.75,276.79
2024-04-22 16:00:00,92.96,1.0,27.7,6.39,7.91,3.98,4.75,276.79
2024-04-22 17:00:00,92.96,1.0,27.7,6.39,7.91,3.98,4.75,276.79
2024-04-22 18:00:00,92.96,1.0,27.7,6.39,7.91,3.98,4.75,276.79
2024-04-22 19:00:00,92.96,1.0,27.7,6.39,7.91,3.98,4.75,276.79
2024-04-22 20:00:00,92.96,1.0,27.7,6.39,7.91,3.98,4.75,276.79
2024-04-22 21:00:00,92.96,1.0,27.7,6.39,7.91,3.98,4.75,276.79
2024-04-22 22:00:00,92.96,1.0,27.7,6.39,7.91,3.98,4.75,276.79
2024-04-22 23:00:00,92.96,1.0,27.7,6.39,7.91,3.98,4.75,276.79
2024-04-23 00:00:00,92.96,1.0,27.7,6.39,7.91,3.98,4.75,276.79
2024-04-23 01:00:00,92.96,1.0,27.7,6.39,7.91,3.98,4.75,276.79
2024-04-23 02:00:00,92.96,1.0,27.7,6.39,7.91,3.98,4.75,276.79
2024-04-23 03:00:00,92.96,1.0,27.7,6.39,7.91,3.98,4.75,276.79
2024-04-23 04:00:00,92.96,1.0,27.7,6.39,7.91,3.98,4.75,276.79
2024-04-23 05:00:00,92.96,1.0,27.7,6.39,7.91,3.98,4.75,276.79
2024-04-23 06:00:00,92.96,1.0,27.7,6.39,7.91,3.98,4.75,276.79
2024-04-23 07:00:00,92.96,1.0,27.7,6.39,7.91,3.98,4.75,276.79
2024-04-23 08:00:00,92.96,1.0,27.7,6.39,7.91,3.98,4.75,276.79
2024-04-23 09:00:00,92.96,1.0,27.7,6.39,7.91,3.98,4.75,276.79
2024-04-23 10:00:00,92.96,1.0,27.7,6.39,7.91,3.98,4.75,276.79
2024-04-23 11:00:00,92.96,1.0,27.7,6.39,7.91,3.98,4.75,276.79
2024-04-23 12:00:00,92.96,1.0,27.7,6.39,7.91,3.98,4.75,276.79
2024-04-23 13:00:00,92.96,1.0,27.7,6.39,7.91,3.98,4.75,276.79
2024-04-23 14:00:00,92.96,1.0,27.7,6.39,7.91,3.98,4.75,276.79
2024-04-23 15:00:00,92.96,1.0,27.7,6.39,7.91,3.98,4.75,276.79
2024-04-23 16:00:00,92.96,1.0,27.7,6.39,7.91,3.98,4.75,276.79
2024-04-23 17:00:00,92.96,1.0,27.7,6.39,7.91,3.98,4.75,276.79
2024-04-23 18:00:00,92.96,1.0,27.7,6.39,7.91,3.98,4.75,276.79
2024-04-23 19:00:00,92.96,1.0,27.7,6.39,7.91,3.98,4.75,276.79
2024-04-23 20:00:00,92.96,1.0,27.7,6.39,7.91,3.98,4.75,276.79
2024-04-23 21:00:00,92.96,1.0,27.7,6.39,7.91,3.98,4.75,276.79
2024-04-23 22:00:00,92.96,1.0,27.7,6.39,7.91,3.98,4.75,276.79
2024-04-23 23:00:00,92.96,1.0,27.7,6.39,7.91,3.98,4.75,276.79
2024-04-24 00:00:00,92.96,1.0,27.7,6.39,7.91,3.98,4.75,276.79
2024-04-24 01:00:00,92.96,1.0,27.7,6.39,7.91,3.98,4.75,276.79
2024-04-24 02:00:00,92.96,1.0,27.7,6.39,7.91,3.98,4.75,276.79
2024-04-24 03:00:00,92.96,1.0,27.7,6.39,7.91,3.98,4.75,276.79
2024-04-24 04:00:00,92.96,1.0,27.7,6.39,7.91,3.98,4.75,276.79
2024-04-24 05:00:00,92.96,1.0,27.7,6.39,7.91,3.98,4.75,276.79
2024-04-24 06:00:00,92.96,1.0,27.7,6.39,7.91,3.98,4.75,276.79
2024-04-24 07:00:00,92.96,1.0,27.7,6.39,7.91,3.98,4.75,276.79
2024-04-24 08:00:00,92.96,1.0,27.7,6.39,7.91,3.98,4.75,276.79
2024-04-24 09:00:00,92.96,1.0,27.7,6.39,7.91,3.98,4.75,276.79
2024-04-24 10:00:00,92.96,1.0,27.7,6.39,7.91,3.98,4.75,276.79
2024-04-24 11:00:00,92.96,1.0,27.7,6.39,7.91,3.98,4.75,276.79
2024-04-24 12:00:00,92.96,1.0,27.7,6.39,7.91,3.98,4.75,276.79
2024-04-24 13:00:00,92.96,1.0,27.7,6.39,7.91,3.98,4.75,276.79
2024-04-24 14:00:00,92.96,1.0,27.7,6.39,7.91,3.98,4.75,276.79
2024-04-24 15:00:00,92.96,1.0,27.7,6.39,7.91,3.98,4.75,276.79
2024-04-24 16:00:00,92.96,1.0,27.7,6.39,7.91,3.98,4.75,276.79
2024-04-24 17:00:00,92.96,1.0,27.7,6.39,7.91,3.98,4.75,276.79
2024-04-24 18:00:00,92.96,1.0,27.7,6.39,7.91,3.98,4.75,276.79
2024-04-24 19:00:00,92.96,1.0,27.7,6.39,7.91,3.98,4.75,276.79
2024-04-24 20:00:00,92.96,1.0,27.7,6.39,7.91,3.98,4.75,276.79
2024-04-24 21:00:00,92.96,1.0,27.7,6.39,7.91,3.98,4.75,276.79
2024-04-24 22:00:00,92.96,1.0,27.7,6.39,7.91,3.98,4.75,276.79
2024-04-24 23:00:00,92.96,1.0,27.7,6.39,7.91,3.98,4.75,276.79
2024-04-25 00:00:00,92.96,1.0,27.7,6.39,7.91,3.98,4.75,276.79
2024-04-25 01:00:00,92.96,1.0,27.7,6.39,7.91,3.98,4.75,276.79
2024-04-25 02:00:00,92.96,1.0,27.7,6.39,7.91,3.98,4.75,276.79
2024-04-25 03:00:00,92.96,1.0,27.7,6.39,7.91,3.98,4.75,276.79
2024-04-25 04:00:00,92.96,1.0,27.7,6.39,7.91,3.98,4.75,276.79
2024-04-25 05:00:00,92.96,1.0,27.7,6.39,7.91,3.98,4.75,276.79
2024-04-25 06:00:00,92.96,1.0,27.7,6.39,7.91,3.98,4.75,276.79
2024-04-25 07:00:00,92.96,1.0,27.7,6.39,7.91,3.98,4.75,276.79
2024-04-25 08:00:00,92.96,1.0,27.7,6.39,7.91,3.98,4.75,276.79
2024-04-25 09:00:00,92.96,1.0,27.7,6.39,7.91,3.98,4.75,276.79
2024-04-25 10:00:00,92.96,1.0,27.7,6.39,7.91,3.98,4.75,276.79
2024-04-25 11:00:00,92.96,1.0,27.7,6.39,7.91,3.98,4.75,276.79
2024-04-25 12:00:00,92.96,1.0,27.7,6.39,7.91,3.98,4.75,276.79
2024-04-25 13:00:00,92.96,1.0,27.7,6.39,7.91,3.98,4.75,276.79
2024-04-25 14:00:00,92.96,1.0,27.7,6.39,7.91,3.98,4.75,276.79
2024-04-25 15:00:00,92.96,1.0,27.7,6.39,7.91,3.98,4.75,276.79
2024-04-25 16:00:00,92.96,1.0,27.7,6.39,7.91,3.98,4.75,276.79
2024-04-25 17:00:00,92.96,1.0,27.7,6.39,7.91,3.98,4.75,276.79
2024-04-25 18:00:00,92.96,1.0,27.7,6.39,7.91,3.98,4.75,276.79
2024-04-25 19:00:00,92.96,1.0,27.7,6.39,7.91,3.98,4.75,276.79
2024-04-25 20:00:00,92.96,1.0,27.7,6.39,7.91,3.98,4.75,276.79
2024-04-25 21:00:00,92.96,1.0,27.7,6.39,7.91,3.98,4.75,276.79
2024-04-25 22:00:00,92.96,1.0,27.7,6.39,7.91,3.98,4.75,276.79
2024-04-25 23:00:00,92.96,1.0,27.7,6.39,7.91,3.98,4.75,276.79
2024-04-26 00:00:00,92.96,1.0,27.7,6.39,7.91,3.98,4.75,276.79
2024-04-26 01:00:00,92.96,1.0,27.7,6.39,7.91,3.98,4.75,276.79
2024-04-26 02:00:00,92.96,1.0,27.7,6.39,7.91,3.98,4.75,276.79
2024-04-26 03:00:00,92.96,1.0,27.7,6.39,7.91,3.98,4.75,276.79
2024-04-26 04:00:00,92.96,1.0,27.7,6.39,7.91,3.98,4.75,276.79
2024-04-26 05:00:00,92.96,1.0,27.7,6.39,7.91,3.98,4.75,276.79
2024-04-26 06:00:00,92.96,1.0,27.7,6.39,7.91,3.98,4.75,276.79
2024-04-26 07:00:00,92.96,1.0,27.7,6.39,7.91,3.98,4.75,276.79
2024-04-26 08:00:00,92.96,1.0,27.7,6.39,7.91,3.98,4.75,276.79
2024-04-26 09:00:00,92.96,1.0,27.7,6.39,7.91,3.98,4.75,276.79
2024-04-26 10:00:00,92.96,1.0,27.7,6.39,7.91,3.98,4.75,276.79
2024-04-26 11:00:00,92.96,1.0,27.7,6.39,7.91,3.98,4.75,276.79
2024-04-26 12:00:00,92.96,1.0,27.7,6.39,7.91,3.98,4.75,276.79
2024-04-26 13:00:00,92.96,1.0,27.7,6.39,7.91,3.98,4.75,276.79
2024-04-26 14:00:00,92.96,1.0,27.7,6.39,7.91,3.98,4.75,276.79
2024-04-26 15:00:00,92.96,1.0,27.7,6.39,7.91,3.98,4.75,276.79
2024-04-26 16:00:00,92.96,1.0,27.7,6.39,7.91,3.98,4.75,276.79
2024-04-26 17:00:00,92.96,1.0,27.7,6.39,7.91,3.98,4.75,276.79
2024-04-26 18:00:00,92.96,1.0,27.7,6.39,7.91,3.98,4.75,276.79
2024-04-26 19:00:00,92.96,1.0,27.7,6.39,7.91,3.98,4.75,276.79
2024-04-26 20:00:00,92.96,1.0,27.7,6.39,7.91,3.98,4.75,276.79
2024-04-26 21:00:00,92.96,1.0,27.7,6.39,7.91,3.98,4.75,276.79
2024-04-26 22:00:00,92.96,1.0,27.7,6.39,7.91,3.98,4.75,276.79
2024-04-26 23:00:00,92.96,1.0,27.7,6.39,7.91,3.98,4.75,276.79
2024-04-27 00:00:00,92.96,1.0,27.7,6.39,7.91,3.98,4.75,276.79
2024-04-27 01:00:00,92.96,1.0,27.7,6.39,7.91,3.98,4.75,276.79
2024-04-27 02:00:00,92.96,1.0,27.7,6.39,7.91,3.98,4.75,276.79
2024-04-27 03:00:00,92.96,1.0,27.7,6.39,7.91,3.98,4.75,276.79
2024-04-27 04:00:00,92.96,1.0,27.7,6.39,7.91,3.98,4.75,276.79
2024-04-27 05:00:00,92.96,1.0,27.7,6.39,7.91,3.98,4.75,276.79
2024-04-27 06:00:00,92.95955223880597,1.0,27.68358208955224,6.394328358208955,7.909701492537313,3.968208955223881,4.768059701492537,276.57
2024-04-27 07:00:00,92.95910447761193,1.0,27.66716417910448,6.39865671641791,7.909402985074627,3.956417910447761,4.786119402985075,276.35
2024-04-27 08:00:00,92.9586567164179,1.0,27.65074626865671,6.402985074626866,7.90910447761194,3.944626865671642,4.804179104477612,276.13
2024-04-27 09:00:00,92.95820895522388,1.0,27.63432835820895,6.407313432835821,7.908805970149253,3.932835820895523,4.822238805970149,275.91
2024-04-27 10:00:00,92.95776119402984,1.0,27.61791044776119,6.411641791044776,7.908507462686567,3.921044776119403,4.840298507462687,275.69
2024-04-27 11:00:00,92.95731343283582,1.0,27.60149253731343,6.415970149253731,7.908208955223881,3.909253731343283,4.858358208955224,275.47
2024-04-27 12:00:00,92.95686567164178,1.0,27.58507462686567,6.420298507462686,7.907910447761195,3.897462686567164,4.876417910447762,275.25
2024-04-27 13:00:00,92.95641791044775,1.0,27.56865671641791,6.424626865671642,7.907611940298508,3.885671641791045,4.894477611940299,275.03
2024-04-27 14:00:00,92.95597014925373,1.0,27.55223880597015,6.428955223880597,7.907313432835821,3.873880597014925,4.912537313432836,274.81
2024-04-27 15:00:00,92.95552238805969,1.0,27.53582089552239,6.433283582089552,7.907014925373135,3.862089552238806,4.930597014925374,274.59
2024-04-27 16:00:00,92.95507462686567,1.0,27.51940298507463,6.437611940298507,7.906716417910448,3.850298507462687,4.94865671641791,274.37
2024-04-27 17:00:00,92.95462686567164,1.0,27.50298507462686,6.441940298507462,7.906417910447761,3.838507462686567,4.966716417910447,274.15
2024-04-27 18:00:00,92.9541791044776,1.0,27.4865671641791,6.446268656716418,7.906119402985075,3.826716417910448,4.984776119402985,273.93
2024-04-27 19:00:00,92.95373134328358,1.0,27.47014925373134,6.450597014925373,7.905820895522388,3.814925373134328,5.002835820895522,273.71
2024-04-27 20:00:00,92.95328358208955,1.0,27.45373134328358,6.454925373134328,7.905522388059701,3.803134328358209,5.020895522388059,273.49
2024-04-27 21:00:00,92.95283582089552,1.0,27.43731343283582,6.459253731343283,7.905223880597015,3.79134328358209,5.038955223880597,273.27
2024-04-27 22:00:00,92.95238805970149,1.0,27.42089552238806,6.463582089552238,7.904925373134328,3.77955223880597,5.057014925373134,273.05
2024-04-27 23:00:00,92.95194029850747,1.0,27.4044776119403,6.467910447761193,7.904626865671641,3.767761194029851,5.075074626865671,272.83
2024-04-28 00:00:00,92.95149253731343,1.0,27.38805970149254,6.472238805970149,7.904328358208955,3.755970149253731,5.093134328358209,272.61
2024-04-28 01:00:00,92.9510447761194,1.0,27.37164179104478,6.476567164179104,7.904029850746269,3.744179104477612,5.111194029850746,272.39
2024-04-28 02:00:00,92.95059701492536,1.0,27.35522388059702,6.480895522388059,7.903731343283583,3.732388059701492,5.129253731343284,272.17
2024-04-28 03:00:00,92.95014925373134,1.0,27.33880597014925,6.485223880597014,7.903432835820896,3.720597014925373,5.147313432835821,271.95
2024-04-28 04:00:00,92.94970149253732,1.0,27.32238805970149,6.489552238805969,7.903134328358209,3.708805970149254,5.165373134328358,271.73
2024-04-28 05:00:00,92.94925373134328,1.0,27.30597014925373,6.493880597014925,7.902835820895523,3.697014925373134,5.183432835820896,271.51
2024-04-28 06:00:00,92.94880597014925,1.0,27.28955223880597,6.49820895522388,7.902537313432836,3.685223880597015,5.201492537313433,271.29
2024-04-28 07:00:00,92.94835820895523,1.0,27.27313432835821,6.502537313432835,7.902238805970149,3.673432835820896,5.21955223880597,271.07
2024-04-28 08:00:00,92.94791044776119,1.0,27.25671641791045,6.506865671641791,7.901940298507463,3.661641791044776,5.237611940298508,270.85
2024-04-28 09:00:00,92.94746268656716,1.0,27.24029850746269,6.511194029850746,7.901641791044776,3.649850746268656,5.255671641791045,270.63
2024-04-28 10:00:00,92.94701492537314,1.0,27.22388059701493,6.515522388059702,7.901343283582089,3.638059701492537,5.273731343283582,270.41
2024-04-28 11:00:00,92.9465671641791,1.0,27.20746268656717,6.519850746268657,7.901044776119403,3.626268656716418,5.29179104477612,270.19
2024-04-28 12:00:00,92.94611940298508,1.0,27.1910447761194,6.524179104477612,7.900746268656716,3.614477611940298,5.309850746268657,269.97
2024-04-28 13:00:00,92.94567164179105,1.0,27.17462686567164,6.528507462686567,7.900447761194029,3.602686567164179,5.327910447761194,269.75
2024-04-28 14:00:00,92.94522388059701,1.0,27.15820895522388,6.532835820895522,7.900149253731343,3.59089552238806,5.345970149253731,269.53
2024-04-28 15:00:00,92.94477611940299,1.0,27.14179104477612,6.537164179104478,7.899850746268656,3.57910447761194,5.364029850746268,269.31
2024-04-28 16:00:00,92.94432835820895,1.0,27.12537313432836,6.541492537313433,7.89955223880597,3.567313432835821,5.382089552238806,269.09
2024-04-28 17:00:00,92.94388059701492,1.0,27.1089552238806,6.545820895522388,7.899253731343284,3.555522388059702,5.400149253731343,268.87
2024-04-28 18:00:00,92.9434328358209,1.0,27.09253731343284,6.550149253731343,7.898955223880597,3.543731343283582,5.41820895522388,268.65
2024-04-28 19:00:00,92.94298507462686,1.0,27.07611940298507,6.554477611940298,7.898656716417911,3.531940298507463,5.436268656716418,268.43
2024-04-28 20:00:00,92.94253731343284,1.0,27.05970149253731,6.558805970149254,7.898358208955224,3.520149253731343,5.454328358208955,268.21
2024-04-28 21:00:00,92.94208955223881,1.0,27.04328358208955,6.563134328358209,7.898059701492537,3.508358208955224,5.472388059701492,267.99
2024-04-28 22:00:00,92.94164179104477,1.0,27.02686567164179,6.567462686567164,7.897761194029851,3.496567164179104,5.49044776119403,267.77
2024-04-28 23:00:00,92.94119402985075,1.0,27.01044776119403,6.571791044776119,7.897462686567164,3.484776119402985,5.508507462686567,267.55
2024-04-29 00:00:00,92.94074626865672,1.0,26.99402985074627,6.576119402985074,7.897164179104477,3.472985074626866,5.526567164179104,267.33
2024-04-29 01:00:00,92.94029850746269,1.0,26.97761194029851,6.58044776119403,7.896865671641791,3.461194029850746,5.544626865671642,267.11
2024-04-29 02:00:00,92.93985074626866,1.0,26.96119402985075,6.584776119402985,7.896567164179104,3.449402985074627,5.562686567164179,266.89
2024-04-29 03:00:00,92.93940298507464,1.0,26.94477611940298,6.58910447761194,7.896268656716417,3.437611940298507,5.580746268656716,266.67
2024-04-29 04:00:00,92.9389552238806,1.0,26.92835820895522,6.593432835820895,7.895970149253731,3.425820895522388,5.598805970149254,266.45
2024-04-29 05:00:00,92.93850746268657,1.0,26.91194029850746,6.59776119402985,7.895671641791044,3.414029850746269,5.616865671641791,266.23
2024-04-29 06:00:00,92.93805970149253,1.0,26.8955223880597,6.602089552238806,7.895373134328358,3.402238805970149,5.634925373134329,266.01
2024-04-29 07:00:00,92.93761194029851,1.0,26.87910447761194,6.606417910447761,7.895074626865672,3.39044776119403,5.652985074626866,265.79
2024-04-29 08:00:00,92.93716417910449,1.0,26.86268656716418,6.610746268656716,7.894776119402985,3.37865671641791,5.671044776119403,265.57
2024-04-29 09:00:00,92.93671641791045,1.0,26.84626865671642,6.615074626865671,7.894477611940299,3.366865671641791,5.689104477611941,265.35
2024-04-29 10:00:00,92.93626865671642,1.0,26.82985074626866,6.619402985074626,7.894179104477612,3.355074626865671,5.707164179104478,265.13
2024-04-29 11:00:00,92.9358208955224,1.0,26.8134328358209,6.623731343283582,7.893880597014925,3.343283582089552,5.725223880597015,264.91
2024-04-29 12:00:00,92.93537313432836,1.0,26.79701492537313,6.628059701492537,7.893582089552239,3.331492537313433,5.743283582089552,264.69
2024-04-29 13:00:00,92.93492537313433,1.0,26.78059701492537,6.632388059701492,7.893283582089552,3.319701492537313,5.761343283582089,264.47
2024-04-29 14:00:00,92.93447761194031,1.0,26.76417910447761,6.636716417910447,7.892985074626865,3.307910447761194,5.779402985074627,264.25
2024-04-29 15:00:00,92.93402985074627,1.0,26.74776119402985,6.641044776119402,7.892686567164179,3.296119402985075,5.797462686567164,264.03
2024-04-29 16:00:00,92.93358208955225,1.0,26.73134328358209,6.645373134328358,7.892388059701492,3.284328358208955,5.815522388059701,263.81
2024-04-29 17:00:00,92.93313432835822,1.0,26.71492537313433,6.649701492537313,7.892089552238805,3.272537313432836,5.833582089552239,263.59
2024-04-29 18:00:00,92.93268656716418,1.0,26.69850746268657,6.654029850746269,7.891791044776119,3.260746268656717,5.851641791044776,263.37
2024-04-29 19:00:00,92.93223880597016,1.0,26.68208955223881,6.658358208955224,7.891492537313432,3.248955223880597,5.869701492537313,263.15
2024-04-29 20:00:00,92.93179104477612,1.0,26.66567164179105,6.662686567164179,7.891194029850746,3.237164179104477,5.887761194029851,262.93
2024-04-29 21:00:00,92.9313432835821,1.0,26.64925373134329,6.667014925373134,7.890895522388059,3.225373134328358,5.905820895522388,262.71
2024-04-29 22:00:00,92.93089552238807,1.0,26.63283582089552,6.67134328358209,7.890597014925373,3.213582089552239,5.923880597014925,262.49
2024-04-29 23:00:00,92.93044776119403,1.0,26.61641791044776,6.675671641791045,7.890298507462687,3.201791044776119,5.941940298507463,262.27
